Player,Team,Age,GP,W,L,PTS,FGM,FGA,FG%,3PM,3PA,3P%,FTM,FTA,FT%,OREB,DREB,REB,AST,TOV,STL,BLK,PF,FP,DD2,TD3,+/-
Tristen Newton,HOU,25,1,1,0,36.0,12.0,27.0,44.4,6.0,15.0,40.0,6.0,9.0,66.7,6.0,3.0,9.0,0.0,0.0,3.0,0.0,0.0,55.8,0.0,0.0,6.0
Giannis Antetokounmpo,MIL,31,36,17,19,34.4,12.9,20.7,62.4,0.5,1.6,33.3,8.0,12.4,65.0,3.4,8.8,12.2,6.8,4.0,1.2,0.8,3.0,61.3,19.0,0.0,3.3
Shai Gilgeous-Alexander,OKC,27,68,56,12,33.7,11.6,21.1,55.3,1.8,4.7,38.6,8.6,9.8,87.9,0.6,4.0,4.7,7.1,2.4,1.5,0.8,2.2,54.7,8.0,0.0,12.6
Luka Dončić,LAL,27,64,43,21,33.7,10.9,22.9,47.6,4.0,10.9,36.6,7.9,10.1,78.0,0.6,7.1,7.8,8.3,4.0,1.7,0.5,2.4,58.1,34.0,8.0,2.9
Alex Antetokounmpo,MIL,24,6,2,4,33.1,5.2,14.0,37.5,3.5,12.2,28.6,19.2,26.2,73.3,3.5,7.0,10.5,1.7,1.7,0.0,1.7,1.7,51.8,0.0,0.0,8.7
Ty Jerome,MEM,28,15,3,12,31.4,10.8,22.9,47.4,4.5,10.6,42.0,5.2,6.0,87.5,1.2,3.3,4.5,9.0,2.9,1.7,0.4,3.3,53.8,0.0,0.0,-4.8
Kawhi Leonard,LAC,34,65,37,28,31.3,11.0,21.7,50.5,3.0,7.7,38.7,6.4,7.2,89.2,1.2,5.9,7.1,4.0,2.3,2.1,0.5,1.3,51.3,5.0,0.0,5.9
Stephen Curry,GSW,38,43,24,19,30.9,10.1,21.6,46.8,5.1,13.1,39.3,5.5,6.0,92.3,0.5,3.7,4.2,5.5,3.3,1.3,0.5,2.0,46.3,3.0,0.0,2.4
Victor Wembanyama,SAS,22,64,50,14,30.9,10.7,20.8,51.2,2.4,6.8,34.9,7.2,8.7,82.7,2.5,11.7,14.2,3.8,3.0,1.3,3.8,3.0,65.9,42.0,1.0,13.2
Joel Embiid,PHI,32,38,24,14,30.6,10.2,20.9,48.9,1.6,4.8,33.3,8.6,10.0,85.4,2.2,6.5,8.8,4.5,3.3,0.6,1.4,2.5,50.7,10.0,1.0,4.6
Mark Sears,MIL,24,7,1,6,30.4,8.3,17.9,46.2,5.5,11.0,50.0,8.3,11.0,75.0,1.4,1.4,2.8,2.8,5.5,0.0,0.0,5.5,32.3,0.0,0.0,16.6
Jaylen Brown,BOS,29,71,47,24,30.0,10.8,22.7,47.7,2.1,6.0,34.7,6.3,7.9,79.5,1.2,6.1,7.3,5.4,3.8,1.1,0.4,2.8,47.3,14.0,3.0,4.7
Donovan Mitchell,CLE,29,70,45,25,30.0,10.4,21.6,48.3,3.4,9.5,36.4,5.7,6.6,86.5,0.8,4.1,4.9,6.1,3.0,1.6,0.3,2.5,47.7,5.0,0.0,5.7
Anthony Edwards,MIN,24,61,37,24,29.6,10.1,20.7,48.9,3.5,8.7,39.9,5.9,7.4,79.6,0.6,4.5,5.1,3.8,2.9,1.4,0.8,2.0,45.2,2.0,0.0,2.7
Nikola Jokić,DEN,31,65,43,22,28.6,10.2,18.0,56.9,1.8,4.7,38.0,6.3,7.6,83.1,3.1,10.2,13.3,11.1,3.9,1.5,0.8,2.7,64.2,55.0,34.0,8.8
Lauri Markkanen,UTA,29,42,17,25,28.0,9.6,20.1,47.7,2.9,8.1,35.5,6.0,6.7,89.6,2.1,5.1,7.2,2.2,1.6,1.0,0.5,1.9,43.2,5.0,0.0,-1.4
Devin Booker,PHX,29,64,37,27,28.0,9.2,20.1,45.6,2.0,6.2,33.0,7.6,8.7,87.3,0.8,3.4,4.2,6.5,3.4,0.9,0.3,2.8,42.8,6.0,0.0,3.4
Michael Porter Jr.,BKN,27,52,14,38,26.8,9.5,20.4,46.3,3.8,10.3,36.3,4.2,4.8,85.9,1.5,6.4,7.8,3.4,2.6,1.2,0.3,2.5,43.0,12.0,0.0,-4.4
Jalen Brunson,NYK,29,74,50,24,26.8,9.6,20.5,46.7,2.7,7.3,36.9,4.9,5.9,84.1,0.4,3.0,3.4,7.0,2.4,0.8,0.1,2.4,41.7,12.0,0.0,4.9
Tyrese Maxey,PHI,25,70,38,32,26.8,9.4,20.3,46.2,3.0,8.1,36.7,5.0,5.6,89.2,0.3,3.6,3.9,6.2,2.3,1.8,0.7,2.0,46.0,7.0,0.0,1.5
Norman Powell,MIA,33,58,29,29,26.4,8.8,18.8,47.0,3.3,8.6,38.0,5.5,6.7,82.7,0.5,3.8,4.2,3.0,2.3,1.3,0.3,2.7,38.6,1.0,0.0,0.8
Deni Avdija,POR,25,66,35,31,26.2,8.1,17.4,46.2,2.0,6.4,31.8,8.0,10.0,80.2,1.2,6.2,7.4,7.2,4.1,0.8,0.7,2.7,46.3,19.0,3.0,0.3
Pascal Siakam,IND,32,62,17,45,26.0,9.8,20.2,48.4,1.8,5.1,35.8,4.6,6.6,69.3,1.6,5.6,7.2,4.1,2.4,1.2,0.4,2.6,43.3,10.0,0.0,-4.0
Trentyn Flowers,CHI,21,2,0,2,25.9,13.0,19.5,66.7,0.0,6.5,0.0,0.0,0.0,0.0,6.5,0.0,6.5,6.5,6.5,0.0,0.0,6.5,37.0,0.0,0.0,-13.0
Jamal Murray,DEN,29,75,48,27,25.9,8.9,18.5,48.3,3.3,7.6,43.5,4.7,5.3,88.7,0.4,4.0,4.5,7.3,2.3,0.9,0.4,1.8,43.7,18.0,0.0,5.9
Norchad Omier,LAC,24,6,5,1,25.9,10.6,15.2,70.0,0.0,1.5,0.0,4.6,4.6,100,6.1,4.6,10.6,3.0,0.0,1.5,0.0,6.1,47.8,0.0,0.0,-35.0
LaMelo Ball,CHA,24,72,41,31,25.8,9.0,22.2,40.7,4.9,13.2,36.8,2.9,3.2,89.9,1.2,5.0,6.2,9.2,3.6,1.6,0.3,3.5,49.0,10.0,1.0,7.4
Keyonte George,UTA,22,54,16,38,25.7,8.1,17.8,45.6,2.7,7.3,37.1,6.8,7.6,89.2,0.5,3.5,4.0,6.7,3.3,1.2,0.3,2.4,41.6,4.0,0.0,-6.8
Kevin Durant,HOU,37,78,48,30,25.7,9.1,17.4,52.0,2.4,5.7,41.3,5.2,5.9,87.4,0.5,4.9,5.4,4.7,3.1,0.8,0.9,1.8,41.2,7.0,0.0,4.3
Shaedon Sharpe,POR,23,50,24,26,25.5,9.6,21.2,45.2,2.5,7.5,33.7,3.8,4.8,78.7,1.2,4.1,5.3,3.2,3.6,1.7,0.1,2.4,38.7,0.0,0.0,-1.2
Zion Williamson,NOP,25,62,22,40,25.5,9.5,15.8,60.0,0.0,0.1,25.0,6.5,9.1,71.6,2.4,4.5,6.9,3.9,2.5,1.2,0.7,2.8,42.6,6.0,0.0,-1.6
Cade Cunningham,DET,24,64,47,17,25.4,9.1,19.7,46.1,2.1,6.1,34.2,5.1,6.3,81.2,0.9,5.0,5.9,10.5,3.9,1.5,0.9,3.2,51.6,38.0,3.0,8.6
Trae Young,WAS,27,15,2,13,25.2,7.6,16.6,45.8,2.5,7.5,33.8,7.5,9.1,82.5,0.4,2.4,2.8,11.3,3.7,1.2,0.2,3.1,46.1,3.0,0.0,-6.2
Coby White,CHA,26,50,29,21,25.0,8.0,17.9,44.6,3.3,9.2,36.2,5.7,6.9,81.7,0.5,4.4,4.9,5.8,3.7,0.7,0.1,3.2,38.4,1.0,0.0,2.7
Kristaps Porziņģis,GSW,30,32,13,19,25.0,8.1,18.2,44.6,2.5,7.5,33.8,6.2,7.4,84.2,1.9,5.9,7.8,3.8,1.9,0.8,1.8,4.3,46.0,1.0,0.0,2.1
Jalen Duren,DET,22,70,50,20,24.9,9.5,14.6,65.0,0.0,0.0,0.0,5.8,7.8,74.7,4.8,8.6,13.4,2.5,2.4,1.0,1.1,3.6,48.7,41.0,0.0,8.7
Franz Wagner,ORL,24,34,20,14,24.7,8.6,17.9,48.1,1.7,4.9,34.5,5.8,7.0,82.3,1.5,4.7,6.3,4.0,2.0,1.1,0.4,2.5,40.7,0.0,0.0,2.8
Jalen Green,PHX,24,32,17,15,24.7,9.4,22.3,42.2,3.1,9.9,31.3,2.8,3.8,74.7,0.7,4.3,5.0,4.0,3.1,1.5,0.3,1.8,39.0,0.0,0.0,1.4
Ja Morant,MEM,26,20,7,13,24.6,8.4,20.4,41.0,1.3,5.4,23.5,6.6,7.4,89.7,0.5,3.6,4.1,10.2,4.5,1.3,0.4,2.5,45.3,8.0,0.0,-3.2
James Harden,CLE,36,70,40,30,24.4,7.2,16.6,43.4,3.2,8.5,37.5,6.8,7.7,88.4,0.6,4.4,5.0,8.2,3.6,1.2,0.4,2.0,43.8,20.0,2.0,1.5
Austin Reaves,LAL,28,51,36,15,24.3,7.6,15.6,49.0,2.4,6.7,36.0,6.6,7.6,87.1,0.7,4.2,4.9,5.7,3.1,1.1,0.4,2.2,40.3,6.0,0.0,3.7
Jayson Tatum,BOS,28,16,13,3,24.0,8.1,19.8,41.1,3.2,9.9,32.9,4.5,5.4,82.3,0.6,10.5,11.0,5.9,2.7,1.5,0.2,1.8,48.5,10.0,1.0,8.1
Brandon Miller,CHA,23,65,41,24,24.0,8.3,19.1,43.5,3.7,9.7,38.3,3.6,4.1,89.2,1.3,4.6,5.8,4.0,3.0,1.2,0.8,3.3,40.0,3.0,0.0,6.8
Dillon Brooks,PHX,30,56,32,24,23.9,8.8,20.3,43.5,2.7,7.8,34.4,3.6,4.3,84.2,0.9,3.4,4.3,2.1,2.1,1.2,0.2,3.9,34.3,0.0,0.0,-1.0
Obi Toppin,IND,28,24,4,20,23.7,8.5,16.9,50.3,3.1,8.9,35.2,3.6,3.9,91.3,1.1,7.9,9.0,4.7,2.4,1.0,0.1,2.4,42.5,0.0,0.0,-2.8
Tristan Vukcevic,WAS,23,49,8,41,23.7,8.2,17.0,47.9,2.7,7.7,34.7,4.7,6.0,78.4,1.7,6.2,7.9,3.0,3.3,1.2,1.8,4.4,43.2,1.0,0.0,-12.1
Tyler Herro,MIA,26,33,14,19,23.6,8.6,18.0,48.0,2.9,7.7,37.8,3.5,3.8,91.7,0.5,5.0,5.5,4.7,2.2,0.8,0.4,2.2,38.8,0.0,0.0,-1.3
Jonas Valančiūnas,DEN,34,65,42,23,23.4,9.4,16.1,58.2,0.3,1.1,30.8,4.3,5.6,77.2,4.3,9.3,13.6,3.2,3.0,0.6,1.5,5.5,47.9,5.0,0.0,-1.8
Collin Sexton,CHI,27,68,25,43,23.4,8.0,16.6,48.5,2.5,6.2,40.1,4.9,5.7,85.5,0.9,2.5,3.5,5.0,3.1,1.7,0.2,3.2,37.7,1.0,0.0,-2.6
Anthony Davis,WAS,33,20,10,10,23.4,9.7,19.2,50.6,0.6,2.1,27.0,3.4,4.7,72.8,3.6,9.1,12.7,3.2,2.4,1.3,1.9,2.4,50.6,13.0,0.0,-2.9
Karl-Anthony Towns,NYK,30,75,49,26,23.3,8.0,16.0,50.1,1.8,4.8,36.8,5.5,6.5,85.8,3.6,10.2,13.8,3.5,2.9,1.0,0.6,4.0,47.1,56.0,1.0,5.9
Cam Thomas,MIL,24,42,12,30,23.2,7.7,18.8,41.0,2.1,6.9,31.0,5.6,6.9,81.1,0.4,2.5,2.9,4.4,3.0,0.4,0.2,1.8,31.9,0.0,0.0,-8.7
Jimmy Butler III,GSW,36,38,23,15,23.2,7.3,14.1,51.9,1.0,2.6,37.6,7.6,8.7,86.4,2.7,3.7,6.4,5.6,1.8,1.7,0.2,1.4,43.3,3.0,0.0,5.6
Jalen Johnson,ATL,24,72,42,30,23.1,8.5,17.5,48.9,1.7,4.8,35.2,4.3,5.4,78.8,1.4,9.1,10.5,8.0,3.5,1.3,0.4,2.1,49.4,49.0,13.0,2.7
Jaren Jackson Jr.,UTA,26,48,19,29,23.0,8.5,17.8,47.6,2.1,5.8,35.7,4.0,5.0,80.3,1.0,5.7,6.7,2.3,2.6,1.3,1.7,4.4,41.0,3.0,0.0,-1.6
Paolo Banchero,ORL,23,72,38,34,23.0,7.6,16.6,45.9,1.2,4.0,30.5,6.6,8.5,77.5,1.2,7.5,8.7,5.4,3.2,0.7,0.6,2.1,42.2,26.0,3.0,0.0
Julius Randle,MIN,31,79,47,32,23.0,8.0,16.6,48.1,1.5,4.8,31.5,5.5,6.8,80.2,1.8,5.5,7.3,5.5,3.0,1.2,0.2,3.1,41.3,15.0,3.0,3.2
RJ Barrett,TOR,25,57,34,23,22.9,8.4,17.0,49.1,2.0,5.9,33.9,4.2,5.8,71.7,1.1,5.1,6.3,3.9,2.1,0.9,0.4,3.1,38.1,0.0,0.0,3.5
Brandon Ingram,TOR,28,77,43,34,22.9,8.5,17.8,47.7,1.9,4.9,38.2,4.0,4.9,82.0,0.9,5.1,5.9,3.9,2.6,0.8,0.8,2.0,38.0,2.0,0.0,0.6
Brice Sensabaugh,UTA,22,75,18,57,22.8,8.1,17.5,46.0,3.3,9.0,36.7,3.4,4.1,82.6,1.1,3.6,4.7,2.9,2.5,1.1,0.2,2.9,34.4,0.0,0.0,-7.7
LeBron James,LAL,41,60,39,21,22.7,8.6,16.6,51.5,1.4,4.4,31.7,4.2,5.7,73.7,0.8,5.8,6.6,7.8,3.2,1.3,0.6,1.5,44.9,17.0,3.0,2.2
CJ McCollum,ATL,34,76,37,39,22.6,8.4,18.4,45.5,3.0,8.1,37.5,2.9,3.8,77.2,1.0,3.0,4.0,4.7,2.1,1.0,0.6,2.3,37.0,0.0,0.0,1.5
Darius Garland,LAC,26,45,26,19,22.6,8.3,18.0,46.0,3.3,8.2,39.6,2.8,3.3,86.1,0.5,2.4,2.9,8.1,3.5,1.2,0.2,2.2,38.8,7.0,0.0,2.2
Cooper Flagg,DAL,19,70,22,48,22.6,8.6,18.3,46.8,1.1,3.7,29.5,4.3,5.3,82.7,1.3,5.8,7.2,4.9,2.5,1.3,1.0,2.2,42.8,13.0,0.0,-4.1
Jerami Grant,POR,32,57,27,30,22.5,7.0,15.5,45.3,2.9,7.4,38.9,5.6,6.8,81.4,1.2,3.0,4.2,2.6,2.5,0.9,0.8,3.0,33.9,0.0,0.0,-0.1
Nickeil Alexander-Walker,ATL,27,78,43,35,22.5,7.6,16.5,45.9,3.5,8.7,39.9,3.8,4.2,90.2,0.7,3.0,3.7,4.0,2.2,1.4,0.6,2.4,36.6,2.0,0.0,3.4
Bam Adebayo,MIA,28,73,37,36,22.3,7.7,17.4,44.2,1.9,6.1,31.8,5.0,6.4,77.8,2.3,8.9,11.1,3.5,1.8,1.3,0.7,1.9,45.4,35.0,0.0,5.0
Alperen Sengun,HOU,23,72,46,26,22.0,8.8,16.9,51.9,0.6,2.0,30.5,3.9,5.6,69.1,3.2,6.4,9.6,6.7,3.4,1.3,1.2,3.6,47.5,34.0,4.0,3.1
Zach LaVine,SAC,31,39,9,30,22.0,7.7,16.1,47.9,2.9,7.5,39.0,3.7,4.2,88.0,0.2,2.9,3.2,2.6,2.2,0.8,0.3,2.4,30.9,0.0,0.0,-9.1
Trey Murphy III,NOP,25,66,21,45,21.8,7.6,16.1,47.0,3.3,8.7,37.9,3.4,3.8,88.6,1.0,4.8,5.8,3.8,1.8,1.5,0.4,2.1,38.4,4.0,0.0,-2.6
Riley Minix,CLE,25,9,7,2,21.7,8.7,14.3,60.9,2.5,7.4,33.3,1.9,1.9,100,1.2,2.5,3.7,3.1,1.9,1.2,0.6,3.1,34.5,0.0,0.0,19.8
Jalen Williams,OKC,25,33,25,8,21.7,8.3,17.2,48.4,0.9,3.0,29.9,4.2,5.0,83.7,1.0,4.8,5.9,7.0,2.4,1.5,0.3,2.5,42.3,1.0,0.0,8.8
Dejounte Murray,NOP,29,14,5,9,21.6,8.1,16.8,48.4,1.8,5.7,30.6,3.6,4.2,86.7,0.4,6.6,6.9,8.2,4.3,2.1,0.3,3.1,45.2,1.0,0.0,1.8
Alex Sarr,WAS,21,48,11,37,21.6,8.7,18.1,48.2,1.4,4.1,33.3,2.8,4.0,69.2,2.9,6.9,9.8,3.6,2.3,1.1,2.6,2.9,47.6,12.0,0.0,-9.7
De'Aaron Fox,SAS,28,72,55,17,21.6,8.2,16.9,48.6,2.1,6.4,33.2,3.0,4.0,76.0,0.7,3.7,4.4,7.2,2.6,1.4,0.3,2.6,40.1,8.0,0.0,7.3
Desmond Bane,ORL,27,82,45,37,21.5,7.6,15.7,48.4,2.2,5.6,39.1,4.1,4.5,90.8,1.3,3.1,4.4,4.4,2.1,1.1,0.5,3.3,36.1,1.0,0.0,1.8
Chet Holmgren,OKC,24,69,56,13,21.3,7.8,14.0,55.7,1.6,4.4,36.2,4.1,5.1,79.2,2.3,8.7,11.1,2.1,1.9,0.8,2.4,2.8,45.2,24.0,0.0,12.2
DeMar DeRozan,SAC,36,77,20,57,21.2,7.5,15.0,49.7,0.7,2.2,32.0,5.6,6.5,86.8,0.5,2.9,3.4,4.7,1.4,1.2,0.3,2.2,35.6,2.0,0.0,-8.8
Brandon Williams,DAL,26,66,23,43,21.1,7.2,15.2,47.2,0.9,3.8,23.2,5.9,7.5,79.3,0.7,4.0,4.7,6.3,3.1,1.5,0.5,2.5,39.2,1.0,0.0,-3.5
Kon Knueppel,CHA,20,81,44,37,21.1,7.3,15.3,47.5,3.9,9.1,42.5,2.8,3.2,86.3,1.4,4.7,6.1,3.9,2.3,0.8,0.3,2.4,35.2,7.0,0.0,4.5
Bennedict Mathurin,LAC,23,54,22,32,21.1,6.5,15.0,43.0,1.7,5.3,31.5,6.5,7.5,86.9,1.2,5.3,6.5,2.9,2.6,1.0,0.3,3.0,34.3,3.0,0.0,-3.2
Blake Hinson,UTA,26,14,4,10,21.1,7.4,14.5,51.3,4.7,10.0,46.8,1.5,2.0,75.0,1.4,2.8,4.2,2.0,0.6,0.6,0.3,3.0,31.1,0.0,0.0,5.7
GG Jackson,MEM,21,55,16,39,21.0,7.8,15.7,49.6,2.0,5.9,33.2,3.4,4.6,74.2,1.5,5.7,7.2,2.5,2.6,0.9,1.3,2.3,37.6,1.0,0.0,-2.6
Jaden Hardy,WAS,23,57,13,44,21.0,7.3,17.2,42.4,4.2,10.5,39.7,2.2,3.0,73.3,0.6,2.8,3.4,2.3,2.5,0.6,0.2,3.6,28.7,0.0,0.0,-3.4
Cormac Ryan,MIL,27,11,2,9,20.9,7.0,13.6,52.0,3.6,7.8,45.8,3.2,3.5,92.3,1.1,2.7,3.7,2.5,2.3,1.5,0.4,3.6,32.5,1.0,0.0,-2.4
Aaron Gordon,DEN,30,36,27,9,20.8,7.1,14.3,49.7,2.2,5.6,38.9,4.5,5.8,76.7,1.8,5.7,7.5,3.4,1.4,0.8,0.4,2.2,37.0,4.0,0.0,9.7
Moritz Wagner,ORL,29,36,21,15,20.8,7.0,16.5,42.6,1.9,5.9,31.4,5.0,6.1,81.9,2.3,7.4,9.7,2.3,1.6,1.3,0.2,4.9,38.6,0.0,0.0,-7.4
Grayson Allen,PHX,30,51,26,25,20.6,6.6,16.4,40.3,3.9,11.2,34.9,3.5,4.1,85.7,0.9,2.9,3.8,4.8,2.0,1.7,0.3,2.9,36.4,0.0,0.0,0.4
Anfernee Simons,CHI,26,55,31,24,20.6,7.5,17.0,44.0,3.8,9.9,38.5,1.8,2.0,89.6,0.8,2.7,3.5,3.5,1.8,0.7,0.2,2.5,31.1,0.0,0.0,2.6
Scoot Henderson,POR,22,30,18,12,20.6,6.9,16.5,41.8,2.7,7.8,35.2,4.0,4.8,84.0,0.9,3.0,3.9,5.4,3.5,1.3,0.4,4.1,34.9,0.0,0.0,2.6
Evan Mobley,CLE,24,65,40,25,20.5,8.1,14.9,54.6,1.1,3.6,29.7,3.1,5.2,60.6,2.7,7.5,10.2,4.1,2.1,0.8,2.0,2.8,45.0,27.0,0.0,3.9
Malik Monk,SAC,28,62,18,44,20.4,7.3,16.7,43.8,3.3,8.3,39.5,2.5,2.8,87.9,0.4,2.7,3.1,4.9,2.4,1.0,0.6,2.6,33.8,0.0,0.0,-6.7
Jarrett Allen,CLE,28,56,37,19,20.4,8.0,12.5,63.8,0.0,0.2,10.0,4.4,6.2,70.9,3.4,7.9,11.3,2.4,1.8,1.3,1.1,2.3,42.9,20.0,0.0,5.0
Saddiq Bey,NOP,27,72,24,48,20.4,7.0,15.5,45.1,2.4,6.6,36.7,4.0,4.7,84.1,1.9,4.5,6.4,2.9,1.1,1.1,0.1,1.5,35.0,7.0,0.0,-3.0
Keldon Johnson,SAS,26,82,62,20,20.4,7.8,15.0,51.9,1.9,5.1,36.3,2.9,3.7,79.4,2.6,5.7,8.3,2.1,1.3,0.9,0.2,3.1,35.3,5.0,0.0,6.0
Bobby Portis,MIL,31,67,26,41,20.3,8.1,16.7,48.8,3.0,6.6,45.6,1.1,1.5,70.6,2.0,7.5,9.5,2.3,1.5,0.9,0.3,2.4,37.3,11.0,0.0,-5.9
Paul George,PHI,36,37,22,15,20.3,7.1,16.3,43.9,3.2,8.1,39.2,2.9,3.5,82.0,0.6,5.6,6.2,4.2,2.0,2.0,0.5,2.7,39.5,2.0,0.0,2.8
Jordan Poole,NOP,26,39,16,23,20.2,6.4,17.1,37.2,3.7,11.1,33.3,3.8,4.4,86.0,0.3,2.6,3.0,4.6,2.7,0.8,0.6,3.4,32.3,0.0,0.0,-5.6
Paul Reed,DET,26,65,47,18,20.1,8.4,13.6,61.7,0.5,1.6,32.5,2.9,4.4,66.4,5.2,6.6,11.8,3.2,2.3,2.3,2.4,4.8,50.8,3.0,0.0,5.5
Matas Buzelis,CHI,21,77,28,49,20.0,7.1,15.4,46.3,2.8,7.9,34.9,3.0,3.8,78.6,1.2,5.9,7.2,2.5,2.5,0.9,1.9,2.8,38.1,4.0,0.0,-4.9
Caleb Houstan,ATL,23,18,12,6,20.0,6.7,12.4,53.8,5.2,10.0,52.4,1.4,1.4,100,2.4,2.9,5.2,1.9,1.9,1.0,0.5,5.2,31.6,0.0,0.0,0.5
Stephon Castle,SAS,21,68,51,17,20.0,6.8,14.4,47.1,1.4,4.3,33.2,5.0,6.8,73.4,1.7,4.7,6.4,8.9,3.8,1.4,0.3,3.9,42.3,18.0,5.0,7.2
Jrue Holiday,POR,35,53,28,25,20.0,7.4,16.4,45.1,3.2,8.4,37.8,2.0,2.4,83.8,1.6,4.0,5.7,7.4,3.4,1.2,0.1,1.8,38.7,9.0,0.0,4.5
Jeremiah Fears,NOP,19,82,26,56,19.9,7.4,17.1,43.4,1.7,5.2,33.0,3.3,4.2,78.9,1.0,4.1,5.1,4.8,3.0,1.7,0.5,2.6,36.7,3.0,0.0,-4.9
Payton Sandfort,OKC,23,4,2,2,19.9,7.4,14.8,50.0,4.0,9.7,41.2,1.1,2.3,50.0,0.6,5.1,5.7,0.0,0.6,0.6,0.0,4.5,27.9,0.0,0.0,-10.8
Miles Bridges,CHA,28,77,42,35,19.8,7.2,15.7,46.0,2.2,6.7,33.3,3.1,3.8,82.2,1.1,5.7,6.8,3.7,1.6,0.7,0.5,2.0,35.5,8.0,0.0,2.2
David Roddy,DEN,25,5,4,1,19.7,7.4,14.8,50.0,1.5,5.4,27.3,3.5,3.5,100,3.9,5.9,9.9,2.0,1.0,2.0,0.5,3.5,40.9,1.0,0.0,2.5
T.J. McConnell,IND,34,56,15,41,19.6,9.1,16.8,53.8,0.6,1.9,32.0,0.9,1.1,86.2,0.8,3.8,4.6,10.7,2.4,2.1,0.4,2.3,46.3,1.0,0.0,-5.0
Cam Whitmore,WAS,21,21,3,18,19.6,7.8,17.2,45.6,1.6,5.7,28.6,2.3,3.2,74.2,1.9,4.0,5.9,1.5,1.8,1.5,0.8,2.5,34.2,0.0,0.0,-15.5
Ayo Dosunmu,MIN,26,69,36,33,19.6,7.4,14.3,51.7,2.4,5.4,43.9,2.4,2.8,87.6,0.9,3.6,4.5,4.8,1.8,1.1,0.3,2.5,34.7,2.0,1.0,-1.3
Jaime Jaquez Jr.,MIA,25,75,41,34,19.6,7.9,15.5,50.7,1.0,3.1,31.7,2.8,3.7,76.9,1.6,4.7,6.4,6.0,2.6,0.9,0.4,2.3,37.2,6.0,0.0,2.4
Klay Thompson,DAL,36,69,21,48,19.5,6.9,17.5,39.3,4.9,12.7,38.3,0.9,1.1,76.6,0.4,3.0,3.4,2.3,1.5,0.8,0.5,1.7,29.5,0.0,0.0,-3.2
Andrew Nembhard,IND,26,57,13,44,19.5,6.7,15.2,44.2,2.2,6.0,36.1,3.9,4.7,82.5,0.5,2.7,3.2,8.8,2.8,1.0,0.2,2.5,37.4,13.0,0.0,-7.9
Scottie Barnes,TOR,24,80,45,35,19.4,7.6,15.1,50.7,0.9,3.0,30.4,3.2,4.0,81.5,2.0,6.1,8.1,6.4,2.8,1.5,1.6,2.8,45.1,30.0,3.0,3.6
Zyon Pullin,MIN,25,5,4,1,19.4,7.6,11.0,69.2,0.8,2.5,33.3,3.4,3.4,100,0.8,1.7,2.5,7.6,2.5,0.8,0.0,5.1,33.9,0.0,0.0,5.1
Ryan Rollins,MIL,23,74,29,45,19.4,7.4,15.6,47.2,2.8,6.9,40.6,1.9,2.4,79.6,0.8,4.3,5.1,6.3,3.0,1.7,0.5,2.9,38.3,6.0,0.0,-2.7
Olivier-Maxence Prosper,MEM,23,53,16,37,19.4,7.0,12.8,54.9,2.2,5.4,40.5,3.1,4.2,75.4,2.2,4.7,6.8,1.9,1.7,1.5,0.5,3.0,34.5,1.0,0.0,-7.6
Scotty Pippen Jr.,MEM,25,10,2,8,19.4,7.3,16.3,44.8,1.7,5.4,31.3,3.1,3.9,78.3,1.4,2.4,3.7,8.0,4.6,3.2,0.7,5.3,43.0,0.0,0.0,-8.5
Koby Brea,PHX,23,12,5,7,19.3,6.4,15.5,41.7,5.6,12.9,43.3,0.9,0.9,100,0.4,3.0,3.4,4.3,1.7,0.4,0.0,2.6,29.4,0.0,0.0,-2.1
Dariq Whitehead,MEM,21,6,0,6,19.3,7.3,18.3,39.8,3.7,11.8,31.7,1.0,1.4,71.4,0.4,4.3,4.7,1.8,2.0,0.8,0.0,2.6,28.0,0.0,0.0,-19.5
Trevor Keels,MIA,22,8,6,2,19.3,7.2,28.9,25.0,4.8,21.7,22.2,0.0,0.0,0.0,0.0,4.8,4.8,0.0,0.0,2.4,0.0,0.0,32.3,0.0,0.0,12.0
De'Anthony Melton,GSW,28,49,22,27,19.3,6.9,16.9,40.7,2.3,7.8,29.4,3.2,3.9,82.6,1.2,3.8,5.1,4.0,2.9,2.5,0.6,2.9,37.7,0.0,0.0,3.0
Domantas Sabonis,SAC,30,19,3,16,19.2,7.7,14.1,54.3,0.3,1.7,18.5,3.6,4.9,72.7,4.1,9.7,13.8,5.0,3.3,1.1,0.3,4.2,44.2,12.0,0.0,-11.3
Seth Curry,GSW,35,10,1,9,19.2,6.5,13.3,49.0,3.2,6.8,48.0,3.0,3.2,91.7,1.1,2.2,3.2,2.7,0.5,0.8,0.0,1.9,29.1,0.0,0.0,0.3
D'Angelo Russell,WAS,30,26,9,17,19.2,6.8,16.9,40.5,2.4,8.1,29.5,3.1,4.4,71.7,0.6,3.9,4.4,7.6,3.6,0.9,0.1,2.2,35.4,1.0,0.0,-3.0
Josh Giddey,CHI,23,54,21,33,19.1,6.7,14.9,44.8,2.1,5.9,36.4,3.6,4.7,76.3,1.4,7.9,9.3,10.3,4.1,1.1,0.6,1.9,46.7,28.0,13.0,-3.9
Nikola Vučević,BOS,35,64,35,29,19.1,7.8,15.8,49.3,2.0,5.4,36.9,1.5,1.8,82.8,2.5,8.2,10.6,4.2,1.7,0.8,0.8,2.5,41.3,23.0,0.0,-0.8
Zach Edey,MEM,24,11,7,4,19.0,7.9,12.4,63.3,0.1,0.6,20.0,3.2,4.1,78.1,5.5,10.0,15.5,1.5,3.3,0.9,2.7,4.7,47.2,5.0,0.0,14.3
Zach Collins,CHI,28,10,6,4,19.0,7.2,12.5,57.8,1.8,4.1,42.9,2.7,3.9,70.0,3.1,7.8,11.0,2.9,2.0,0.4,0.8,3.5,38.1,1.0,0.0,3.5
Cedric Coward,MEM,22,62,20,42,19.0,6.9,14.6,47.1,2.1,6.2,33.8,3.2,3.7,84.3,1.9,6.3,8.2,3.9,2.4,0.9,0.6,2.8,36.8,7.0,0.0,0.5
Jonathan Kuminga,ATL,23,36,22,14,19.0,6.8,14.7,46.3,1.5,4.6,33.3,3.9,5.3,72.4,2.1,6.6,8.8,3.6,2.9,1.0,0.5,2.4,36.3,1.0,0.0,3.1
Payton Pritchard,BOS,28,79,54,25,18.9,7.1,15.4,46.4,3.0,7.9,37.7,1.7,1.9,89.0,1.0,3.4,4.4,5.7,1.5,0.8,0.1,1.7,34.2,5.0,0.0,6.0
Ajay Mitchell,OKC,23,57,50,7,18.9,7.0,14.4,48.5,1.5,4.3,34.7,3.4,4.0,87.0,1.0,3.7,4.6,5.0,2.0,1.7,0.4,2.9,36.6,1.0,0.0,12.3
Kevin Porter Jr.,MIL,26,38,18,20,18.9,6.8,14.7,46.5,1.3,4.1,32.2,3.9,4.5,87.8,1.0,4.7,5.7,8.0,3.1,2.4,0.5,2.5,43.2,10.0,2.0,-3.1
Russell Westbrook,SAC,37,64,16,48,18.9,7.0,16.3,42.7,2.5,7.4,33.8,2.5,3.6,69.4,1.6,5.2,6.8,8.3,4.1,1.6,0.2,2.9,40.9,16.0,6.0,-8.9
De'Andre Hunter,SAC,28,45,24,21,18.8,6.4,15.3,41.5,2.3,7.5,30.5,3.8,4.4,86.7,0.9,4.7,5.7,2.8,2.3,0.9,0.2,3.4,30.8,0.0,0.0,-0.6
Marvin Bagley III,DAL,27,60,16,44,18.8,7.6,12.3,61.8,0.7,1.6,46.2,2.8,4.3,66.0,4.5,6.5,11.0,2.5,1.8,0.8,1.3,3.7,40.3,6.0,0.0,-6.6
Dylan Harper,SAS,20,69,53,16,18.8,7.6,15.2,50.5,1.4,4.1,34.3,2.1,2.7,75.6,1.2,4.2,5.4,6.1,2.3,1.2,0.6,3.2,37.6,0.0,0.0,7.0
Tre Jones,CHI,26,65,27,38,18.8,7.0,12.7,55.3,0.8,2.7,31.5,3.9,4.7,84.1,0.8,3.4,4.2,7.2,1.9,1.6,0.2,1.9,38.1,5.0,0.0,-2.8
Naz Reid,MIN,26,77,46,31,18.8,7.1,15.6,45.6,2.9,8.0,36.2,1.6,2.2,73.2,1.6,6.9,8.6,3.0,2.3,1.4,1.4,3.5,39.6,6.0,0.0,3.0
Isaiah Joe,OKC,26,71,56,15,18.7,5.9,13.0,45.5,4.3,10.2,42.3,2.6,2.9,89.4,0.8,3.5,4.3,2.2,1.1,1.2,0.3,2.9,30.6,0.0,0.0,8.5
DaQuan Jeffries,SAC,28,3,0,3,18.6,6.6,11.4,57.9,2.4,5.4,44.4,3.0,3.0,100,1.8,1.2,3.0,0.6,0.0,1.2,0.0,5.4,26.7,0.0,0.0,0.6
Reed Sheppard,HOU,21,82,52,30,18.6,6.8,15.9,43.0,3.8,9.7,39.4,1.2,1.4,80.2,0.5,3.5,4.0,4.6,2.1,2.0,0.9,2.8,37.2,2.0,0.0,4.7
Naji Marshall,DAL,28,74,25,49,18.6,6.9,13.5,51.0,1.0,3.5,29.1,3.8,4.9,76.0,1.1,4.7,5.7,4.0,2.0,1.4,0.1,2.4,33.8,2.0,0.0,-3.6
Chris Livingston,CLE,22,3,2,1,18.6,8.3,14.5,57.1,0.0,6.2,0.0,2.1,2.1,100,0.0,6.2,6.2,2.1,0.0,2.1,0.0,8.3,35.3,0.0,0.0,16.5
Immanuel Quickley,TOR,26,70,41,29,18.6,6.5,14.6,44.3,2.9,7.7,37.4,2.7,3.3,82.1,0.6,3.9,4.5,6.7,1.6,1.5,0.1,2.3,37.1,8.0,0.0,1.9
Bones Hyland,MIN,25,71,42,29,18.5,6.5,14.3,45.3,3.5,9.1,38.8,2.0,2.5,78.0,0.7,3.2,3.9,5.8,2.1,1.3,0.5,3.7,35.2,0.0,0.0,3.8
Kyshawn George,WAS,22,48,10,38,18.4,6.5,14.9,43.8,2.6,6.7,38.1,2.7,3.4,80.2,1.1,5.2,6.3,5.5,3.2,1.2,1.1,4.4,38.1,3.0,0.0,-9.2
Sandro Mamukelashvili,TOR,27,80,44,36,18.4,6.8,13.0,52.3,2.4,6.1,38.9,2.4,3.2,74.7,2.2,5.9,8.1,3.1,1.4,1.3,0.8,3.0,37.9,3.0,0.0,3.8
Simone Fontecchio,MIA,30,70,36,34,18.3,6.0,14.5,41.2,3.8,10.1,37.5,2.6,3.1,84.3,1.7,4.8,6.5,3.1,1.5,1.1,0.3,3.2,33.5,0.0,0.0,2.8
Tre Johnson,WAS,20,60,12,48,18.3,6.8,16.1,41.9,2.9,8.0,35.8,1.9,2.2,87.4,0.7,3.5,4.2,3.0,2.3,0.8,0.4,3.0,29.4,0.0,0.0,-8.4
Tim Hardaway Jr.,DEN,34,80,52,28,18.3,5.9,13.2,44.7,3.8,9.3,40.7,2.7,3.3,81.1,0.3,3.2,3.5,1.8,0.7,0.7,0.2,1.7,27.1,0.0,0.0,3.4
Andrew Wiggins,MIA,31,68,35,33,18.2,6.8,14.3,47.5,2.4,5.8,41.4,2.2,2.8,78.4,2.0,3.7,5.7,3.2,1.8,1.3,1.2,2.7,35.7,2.0,0.0,0.2
LJ Cryer,GSW,24,18,6,12,18.2,5.8,14.4,40.2,4.6,11.6,39.4,2.1,2.3,89.5,0.5,3.0,3.5,2.2,1.7,0.4,0.0,3.5,25.1,0.0,0.0,2.0
Thomas Bryant,CLE,28,60,37,23,18.2,6.6,13.1,50.6,2.3,6.4,35.9,2.6,3.2,80.3,2.9,7.2,10.1,1.6,1.4,0.9,1.3,3.7,37.9,1.0,0.0,1.9
Micah Potter,IND,28,47,11,36,18.2,6.0,11.6,51.5,2.8,6.7,42.3,3.4,4.0,84.2,2.3,6.9,9.2,2.7,1.9,0.9,0.6,3.2,35.9,7.0,0.0,-4.8
OG Anunoby,NYK,28,67,45,22,18.1,6.3,13.0,48.4,2.5,6.6,38.6,3.0,3.6,82.8,1.4,4.3,5.7,2.3,2.0,1.7,0.8,2.7,33.8,5.0,0.0,6.6
Caleb Love,POR,24,49,24,25,18.1,6.8,17.4,38.8,3.3,10.4,31.8,1.3,1.7,73.5,0.9,3.2,4.1,4.4,2.2,1.0,0.1,1.7,30.6,0.0,0.0,-4.5
Santi Aldama,MEM,25,43,19,24,18.1,6.9,14.3,47.9,2.1,6.0,35.0,2.3,3.4,66.7,2.0,6.6,8.6,3.8,1.7,1.1,0.9,2.1,38.6,5.0,0.0,-1.4
Leonard Miller,CHI,22,46,18,28,18.1,7.3,13.1,55.3,1.6,5.0,32.3,2.0,2.7,73.6,2.7,6.4,9.1,2.0,1.8,0.9,0.8,3.3,35.0,3.0,0.0,-1.4
Anthony Black,ORL,22,64,36,28,18.1,6.5,14.6,44.7,1.9,5.7,33.3,3.2,4.4,73.2,0.9,3.7,4.6,4.4,2.5,1.7,0.8,3.2,35.5,2.0,0.0,-0.3
John Collins,LAC,28,69,32,37,18.0,7.0,12.7,55.2,1.7,4.2,40.6,2.3,3.0,76.6,2.1,4.9,7.1,1.3,1.8,1.2,1.0,3.6,33.1,3.0,0.0,-0.7
Ace Bailey,UTA,19,72,19,53,18.0,7.2,16.2,44.3,2.5,7.2,34.4,1.2,1.6,75.0,1.9,3.6,5.5,2.4,1.9,1.1,0.9,3.5,32.1,1.0,0.0,-8.1
Jalen Suggs,ORL,25,57,34,23,18.0,6.5,14.8,43.5,2.8,8.2,33.9,2.3,2.7,85.5,0.8,4.2,5.0,7.1,3.5,2.4,0.9,3.3,41.2,4.0,1.0,4.1
Kel'el Ware,MIA,22,77,39,38,18.0,7.3,13.7,53.0,1.9,4.9,39.5,1.5,2.0,74.0,4.6,10.1,14.7,1.2,1.3,1.2,1.8,2.5,45.1,24.0,0.0,-1.4
Quenton Jackson,IND,27,49,10,39,18.0,6.2,13.2,47.0,1.7,4.7,35.6,3.9,4.8,82.4,1.1,3.4,4.6,5.6,2.5,1.2,0.2,3.3,33.8,1.0,0.0,-2.5
Tyrese Proctor,CLE,22,50,33,17,18.0,6.1,14.9,41.3,3.0,8.7,35.1,2.6,3.0,88.9,0.7,3.5,4.2,4.9,2.6,1.7,0.0,3.9,32.7,1.0,0.0,-0.5
Luka Garza,BOS,27,69,47,22,17.9,6.6,11.5,57.7,1.8,4.1,43.3,2.9,3.8,76.9,5.0,4.0,9.0,2.1,1.5,0.9,0.9,5.2,35.8,2.0,0.0,4.0
Charles Bassey,GSW,25,13,4,9,17.9,7.3,11.1,66.0,0.0,0.0,0.0,3.3,4.7,70.0,5.4,8.0,13.4,1.7,1.4,0.9,2.6,4.5,45.7,2.0,0.0,-10.4
Tyson Etienne,BKN,26,24,5,19,17.9,5.5,13.7,40.0,4.1,10.2,39.8,2.8,3.4,83.3,0.5,2.1,2.6,3.8,1.5,1.0,0.0,4.5,28.3,0.0,0.0,-9.9
Joan Beringer,MIN,19,40,22,18,17.9,7.4,11.2,66.3,0.0,0.0,0.0,3.0,4.2,70.3,5.2,5.4,10.5,1.4,1.3,0.8,3.0,5.4,42.7,1.0,0.0,2.6
Kyle Kuzma,MIL,30,69,31,38,17.9,6.8,13.7,49.2,1.7,4.8,34.7,2.7,3.7,72.6,1.1,5.1,6.2,3.7,2.4,0.9,0.6,2.7,32.9,4.0,0.0,-5.6
Branden Carlson,OKC,26,42,32,10,17.8,7.2,13.7,52.7,2.3,6.3,36.0,1.1,1.9,57.7,2.1,7.0,9.1,2.1,1.2,0.6,2.0,2.7,38.6,3.0,0.0,-1.8
Mac McClung,CHI,27,11,2,9,17.8,6.1,15.7,39.0,1.9,8.0,23.3,3.7,4.8,77.8,0.5,2.1,2.7,2.7,2.4,2.9,0.8,5.1,33.8,0.0,0.0,-6.9
Mark Williams,PHX,24,60,34,26,17.8,7.2,11.1,64.4,0.0,0.0,100,3.4,4.4,77.1,4.7,7.4,12.1,1.5,1.7,1.4,1.4,3.4,41.3,14.0,0.0,-1.1
Jalen Smith,CHI,26,53,26,27,17.8,6.4,13.3,48.3,2.7,7.2,37.3,2.3,3.1,74.2,3.2,8.4,11.7,2.1,1.7,0.8,1.4,3.6,39.8,9.0,0.0,2.8
Peyton Watson,DEN,23,54,36,18,17.8,6.4,13.1,49.1,1.8,4.4,41.1,3.1,4.3,73.0,1.1,4.8,5.9,2.5,2.1,1.1,1.4,3.1,34.1,2.0,0.0,4.4
Nick Smith Jr.,LAL,22,30,15,15,17.8,6.7,15.5,43.5,3.3,8.3,39.5,1.1,1.4,73.3,0.3,1.9,2.2,3.0,2.0,0.9,0.2,2.7,26.0,0.0,0.0,-0.3
Corey Kispert,ATL,27,58,27,31,17.7,6.1,13.1,46.7,2.9,7.9,36.7,2.6,3.2,79.4,0.9,3.5,4.4,3.1,1.5,0.5,0.3,2.0,28.6,0.0,0.0,-5.0
Jaylon Tyson,CLE,23,66,41,25,17.7,6.7,13.6,49.3,2.7,6.0,44.6,1.6,2.2,73.8,2.4,4.5,6.8,3.0,2.0,1.1,0.6,3.3,33.3,7.0,0.0,2.2
Johnny Juzang,MIN,25,21,13,8,17.7,6.6,15.6,42.1,2.5,9.9,25.0,2.1,3.3,62.5,2.1,4.9,7.0,2.5,2.1,0.8,0.4,1.2,31.4,0.0,0.0,-2.1
Onyeka Okongwu,ATL,25,74,41,33,17.6,6.5,13.5,48.0,2.3,6.0,37.6,2.4,3.2,75.7,2.2,6.6,8.8,3.6,2.0,1.3,1.2,3.8,39.2,16.0,0.0,1.7
Amen Thompson,HOU,23,79,49,30,17.6,6.8,12.7,53.4,0.3,1.4,21.6,3.7,4.8,77.9,2.9,4.6,7.5,5.1,2.3,1.5,0.6,2.1,38.0,20.0,0.0,4.5
Kyle Filipowski,UTA,22,77,21,56,17.6,6.5,13.1,49.2,1.5,4.6,32.5,3.2,4.2,75.0,2.9,8.2,11.0,4.0,2.5,1.5,0.8,4.6,41.0,13.0,0.0,-5.1
Keshad Johnson,MIA,24,32,16,16,17.5,6.6,13.4,49.0,1.7,5.7,29.5,2.7,3.7,72.4,3.3,4.6,8.0,1.0,1.7,1.9,1.0,3.6,35.9,1.0,0.0,11.7
Jordan Clarkson,NYK,33,72,45,27,17.5,6.7,14.8,45.1,2.0,6.0,32.7,2.2,2.6,83.0,1.7,1.8,3.6,2.7,1.8,0.8,0.3,3.5,27.4,0.0,0.0,3.1
Brandin Podziemski,GSW,23,82,37,45,17.5,6.1,13.4,45.5,2.4,6.4,37.1,3.0,3.7,79.7,1.1,5.4,6.5,4.7,2.0,1.4,0.2,2.1,35.0,5.0,0.0,0.2
Grant Nelson,BKN,24,4,0,4,17.5,5.1,9.3,55.6,0.0,0.0,0.0,7.2,10.3,70.0,1.0,5.1,6.2,5.1,4.1,1.0,5.1,6.2,47.0,0.0,0.0,-7.2
MarJon Beauchamp,PHI,25,14,7,7,17.4,6.1,14.0,43.4,2.9,8.6,34.0,2.4,3.5,68.4,1.3,4.6,5.9,2.8,2.4,1.7,0.7,2.4,33.4,0.0,0.0,-4.8
Devin Carter,SAC,24,38,8,30,17.4,6.2,15.0,41.4,1.5,5.9,26.3,3.4,4.8,71.3,1.9,4.6,6.4,5.2,2.8,1.7,0.5,2.6,36.8,0.0,0.0,-5.8
Derrick White,BOS,31,77,52,25,17.4,6.0,15.2,39.4,2.9,8.8,32.7,2.5,2.8,90.2,1.2,3.5,4.6,5.7,1.8,1.2,1.3,1.6,37.3,1.0,0.0,8.2
Sam Merrill,CLE,30,52,37,15,17.3,5.8,12.7,46.1,4.1,9.8,42.1,1.5,1.8,85.5,0.7,2.7,3.5,3.3,1.1,0.9,0.2,3.3,28.4,1.0,0.0,6.3
Jared McCain,OKC,22,67,46,21,17.3,6.3,14.9,42.5,3.1,8.0,38.5,1.6,1.8,86.4,0.7,3.5,4.3,2.8,1.7,1.1,0.2,2.5,28.6,0.0,0.0,3.9
Julian Strawther,DEN,24,57,38,19,17.3,6.2,13.3,46.7,2.4,6.3,38.7,2.4,2.9,81.4,0.5,4.3,4.8,2.6,1.5,1.0,0.3,3.1,29.2,0.0,0.0,0.8
Tobias Harris,DET,33,63,46,17,17.2,6.4,13.6,46.9,1.7,4.6,36.8,2.8,3.2,86.6,1.1,5.5,6.7,3.2,1.3,1.2,0.5,2.2,34.0,3.0,0.0,7.6
Gary Payton II,GSW,33,73,33,40,17.2,7.6,13.1,58.3,1.2,4.0,29.1,0.8,1.3,65.0,3.2,5.2,8.4,3.9,2.0,2.1,0.7,4.2,39.4,2.0,0.0,-3.4
Javon Small,MEM,23,41,13,28,17.2,5.8,12.5,46.5,2.6,6.2,42.3,2.9,3.6,82.9,1.6,4.0,5.6,6.6,2.4,1.5,0.4,2.8,36.8,0.0,0.0,-4.7
Jock Landale,ATL,30,68,36,32,17.2,6.7,13.1,51.5,1.8,4.6,38.3,1.9,3.0,63.5,4.4,4.9,9.3,2.7,1.4,0.8,0.9,3.6,36.0,9.0,0.0,-1.3
Buddy Hield,ATL,33,51,25,26,17.1,6.3,14.4,43.7,3.3,9.3,34.9,1.3,1.6,81.1,1.2,3.9,5.1,3.1,2.1,1.7,0.4,2.5,32.2,0.0,0.0,-3.8
Sharife Cooper,WAS,24,41,6,35,17.1,6.5,12.7,51.4,1.5,3.9,38.2,2.6,3.1,83.3,0.9,3.5,4.4,6.4,3.1,0.8,0.3,3.1,32.1,0.0,0.0,-9.5
Jaylen Wells,MEM,22,69,24,45,17.1,6.0,13.8,43.1,2.6,7.2,35.3,2.6,3.4,78.4,1.2,3.1,4.4,2.2,1.5,1.2,0.2,2.9,28.3,0.0,0.0,-3.5
Jacob Toppin,ATL,26,5,3,2,17.1,8.5,12.8,66.7,0.0,0.0,0.0,0.0,0.0,0.0,0.0,2.1,2.1,2.1,0.0,0.0,2.1,2.1,29.2,0.0,0.0,27.7
Moses Moody,GSW,24,60,30,30,17.0,5.7,13.0,44.0,3.5,8.8,40.1,2.0,2.6,77.0,1.2,3.5,4.7,2.3,1.3,1.4,0.8,2.9,31.2,0.0,0.0,1.9
Jaden Ivey,CHI,24,37,23,14,17.0,6.1,13.7,44.5,2.7,7.2,37.3,2.0,2.5,80.9,1.3,3.6,4.9,3.7,2.2,1.2,0.8,2.8,32.1,0.0,0.0,1.4
David Jones Garcia,SAS,24,11,7,4,16.9,6.9,13.2,52.0,1.6,2.6,60.0,1.6,3.2,50.0,2.1,4.8,6.9,9.5,2.6,3.2,0.5,3.2,48.0,0.0,0.0,20.1
Oscar Tshiebwe,UTA,26,27,3,24,16.9,7.4,11.6,63.4,0.0,0.0,0.0,2.2,3.9,55.1,6.2,8.2,14.4,2.6,1.7,1.3,0.4,3.1,41.4,3.0,0.0,-6.3
Maxime Raynaud,SAC,23,74,21,53,16.9,7.0,12.3,57.1,0.4,1.4,32.4,2.4,3.1,78.6,2.6,7.6,10.2,1.8,1.7,0.7,0.7,3.1,34.4,18.0,0.0,-8.5
Derik Queen,NOP,21,81,26,55,16.9,6.3,13.3,47.3,0.4,1.6,26.1,3.9,4.9,79.5,2.4,7.8,10.2,5.3,3.4,1.5,1.3,3.8,42.1,14.0,2.0,-5.4
Nate Williams,GSW,27,14,2,12,16.9,6.5,13.2,48.9,2.0,4.5,43.3,2.0,2.3,86.7,3.0,1.5,4.5,2.1,2.3,0.8,0.0,3.9,25.4,0.0,0.0,-11.9
Will Riley,WAS,20,74,16,58,16.8,6.0,13.6,43.9,1.7,5.4,31.6,3.2,4.0,80.0,1.2,3.4,4.7,3.2,2.1,1.2,0.2,2.0,29.4,2.0,0.0,-10.7
Jaden McDaniels,MIN,25,73,44,29,16.8,6.5,12.6,51.5,1.6,3.9,41.2,2.3,2.7,83.5,1.2,3.6,4.8,3.1,2.0,1.3,1.1,3.8,32.4,0.0,0.0,1.9
Ivica Zubac,IND,29,48,17,31,16.8,7.2,12.0,59.8,0.0,0.0,0.0,2.5,3.5,71.1,4.0,8.6,12.7,2.6,2.1,0.4,1.0,2.8,38.2,24.0,0.0,-1.1
Walker Kessler,UTA,24,5,2,3,16.8,6.1,8.7,70.3,1.4,1.9,75.0,3.3,4.7,70.0,5.4,7.2,12.6,3.5,3.7,1.6,2.1,5.1,44.7,2.0,0.0,3.3
Day'Ron Sharpe,BKN,24,62,17,45,16.8,6.6,11.0,60.1,0.3,1.2,23.1,3.2,4.7,67.8,5.3,7.5,12.8,4.5,3.3,2.1,0.8,4.6,44.3,5.0,0.0,-3.5
Cam Spencer,MEM,26,72,23,49,16.8,5.5,11.7,47.3,3.1,6.8,44.9,2.6,2.8,94.0,0.8,3.0,3.8,8.4,2.0,1.1,0.2,2.2,36.0,6.0,0.0,-1.9
Aaron Nesmith,IND,26,45,10,35,16.7,5.7,13.8,41.4,2.8,7.5,37.9,2.5,3.0,82.9,1.3,3.7,5.0,2.3,1.7,0.7,0.6,3.3,28.5,0.0,0.0,-5.4
Max Strus,CLE,30,12,9,3,16.7,5.9,13.2,44.3,4.1,10.2,40.2,0.9,1.1,77.8,1.1,7.0,8.1,3.0,1.1,0.4,0.0,4.2,31.0,0.0,0.0,-0.4
Malaki Branham,WAS,23,28,7,21,16.7,5.6,11.9,47.3,1.8,4.8,37.8,3.7,4.4,82.4,1.6,4.2,5.7,3.0,2.0,1.3,0.4,2.7,31.3,0.0,0.0,-5.5
Kennedy Chandler,UTA,23,11,1,10,16.7,6.2,13.9,44.5,1.5,3.9,39.5,2.8,4.4,65.1,0.6,3.1,3.7,7.5,2.3,1.1,0.2,2.3,34.1,1.0,0.0,-7.0
Daniss Jenkins,DET,24,72,54,18,16.6,5.7,14.1,40.8,1.8,4.8,37.4,3.3,4.0,83.2,1.3,2.8,4.1,6.9,2.8,1.6,0.4,2.6,34.9,3.0,0.0,5.2
Deandre Ayton,LAL,27,72,46,26,16.5,7.4,11.0,67.1,0.0,0.0,0.0,1.7,2.6,64.5,3.4,7.2,10.6,1.1,1.5,0.8,1.3,2.9,35.4,22.0,0.0,-0.1
VJ Edgecombe,PHI,20,75,43,32,16.5,6.2,14.1,43.8,2.0,5.8,35.4,2.0,2.5,81.8,1.7,4.1,5.8,4.3,1.9,1.5,0.5,2.9,34.0,7.0,0.0,0.8
P.J. Washington,DAL,27,56,16,40,16.4,6.1,13.6,45.0,1.6,4.9,32.5,2.6,3.8,68.7,1.7,6.4,8.2,2.0,1.9,1.1,1.2,2.5,34.5,8.0,0.0,-5.7
Quentin Grimes,PHI,26,75,42,33,16.4,5.5,12.3,45.0,2.1,6.2,33.4,3.2,3.9,84.0,0.8,3.7,4.5,4.0,2.2,1.0,0.5,2.5,30.1,2.0,0.0,0.1
Devin Vassell,SAS,25,67,52,15,16.4,5.8,13.3,43.7,2.9,7.6,38.4,1.9,2.3,81.5,0.7,4.1,4.7,2.9,1.1,1.0,0.4,1.9,29.8,1.0,0.0,8.7
Jay Huff,IND,28,82,19,63,16.4,6.1,12.8,47.6,2.5,7.8,31.9,1.7,2.1,82.8,1.5,5.3,6.8,2.5,1.6,0.9,3.2,4.1,38.9,1.0,0.0,-5.3
Miles McBride,NYK,25,41,25,16,16.4,5.7,13.5,42.3,3.7,9.0,41.3,1.2,1.6,78.7,0.8,2.5,3.3,3.5,1.1,1.2,0.3,2.3,29.0,0.0,0.0,7.5
Noah Clowney,BKN,21,66,17,49,16.4,5.1,12.8,39.6,2.6,7.9,32.9,3.6,4.5,80.4,1.1,4.5,5.5,2.2,2.1,1.0,0.9,3.4,30.0,1.0,0.0,-6.7
Asa Newell,ATL,20,44,23,21,16.3,6.6,12.2,53.8,2.1,5.4,38.7,1.2,2.1,55.2,3.2,3.7,6.9,1.9,1.7,1.2,1.1,4.7,32.5,2.0,0.0,-3.2
Emanuel Miller,SAS,25,5,0,5,16.3,6.5,14.2,46.2,2.2,6.5,33.3,1.1,2.2,50.0,1.1,2.2,3.3,4.4,0.0,2.2,0.0,2.2,33.3,0.0,0.0,-20.7
John Poulakidas,DAL,23,13,3,10,16.3,5.5,12.9,42.9,4.4,10.9,40.3,0.9,1.0,85.7,0.6,3.7,4.3,1.6,0.6,1.0,0.6,4.0,27.9,0.0,0.0,-2.1
Isaiah Collier,UTA,21,59,16,43,16.3,6.1,12.2,49.5,0.6,2.4,27.0,3.6,5.0,72.2,0.5,3.1,3.6,10.0,3.5,1.6,0.5,3.3,38.3,10.0,0.0,-10.5
Jarace Walker,IND,22,76,16,60,16.3,5.7,13.5,41.9,2.5,6.6,37.4,2.5,3.4,74.9,0.9,6.3,7.2,3.5,2.6,1.2,0.5,2.3,32.6,3.0,0.0,-8.5
Jordan Miller,LAC,26,60,36,24,16.3,5.8,10.8,53.1,1.0,3.0,34.5,3.7,4.8,77.7,1.4,3.6,4.9,3.7,1.7,1.2,0.3,1.7,30.6,1.0,0.0,-0.4
Jabari Smith Jr.,HOU,23,77,48,29,16.2,5.8,13.0,44.9,2.4,6.5,36.3,2.2,2.8,77.5,1.4,5.6,7.0,1.9,1.4,0.7,0.9,2.6,31.1,14.0,0.0,3.5
Terrence Shannon Jr.,MIN,25,43,24,19,16.1,5.2,11.4,45.0,2.1,5.1,40.8,3.7,4.7,80.0,0.7,2.6,3.3,2.5,1.6,0.9,0.1,3.3,25.3,0.0,0.0,-5.5
Gui Santos,GSW,23,68,29,39,16.1,5.9,11.9,50.0,2.0,5.7,35.1,2.2,3.1,72.5,1.9,4.9,6.9,4.1,2.6,1.6,0.6,3.7,34.3,3.0,0.0,0.9
Kelly Oubre Jr.,PHI,30,50,27,23,16.1,5.8,12.4,46.7,2.0,5.5,36.0,2.5,3.3,76.6,1.1,4.6,5.8,1.8,1.6,1.6,0.5,2.9,30.5,5.0,0.0,-1.5
Bilal Coulibaly,WAS,21,56,14,42,16.1,5.6,13.3,42.5,1.6,5.0,31.9,3.2,4.3,74.6,1.2,4.8,6.0,3.6,2.0,1.8,1.3,3.2,36.1,0.0,0.0,-10.2
Eric Gordon,PHI,37,6,3,3,16.1,5.9,10.3,57.1,3.9,6.8,57.1,0.5,1.0,50.0,0.5,0.5,1.0,1.5,1.5,2.0,0.5,1.5,25.3,0.0,0.0,-15.1
Kevin Huerter,DET,27,69,40,29,16.1,6.3,13.9,45.1,2.3,7.6,30.8,1.3,1.7,77.5,0.8,4.8,5.6,4.1,1.7,1.5,0.8,2.7,34.0,1.0,0.0,2.0
Ziaire Williams,BKN,24,56,13,43,16.1,5.2,12.2,42.5,2.4,7.1,34.3,3.3,3.9,85.0,0.8,2.9,3.8,1.7,1.7,2.1,0.6,3.3,29.7,0.0,0.0,-7.9
A.J. Lawson,TOR,25,24,12,12,16.1,5.4,12.4,43.6,3.0,7.2,42.2,2.2,2.9,77.8,1.4,5.4,6.8,1.1,1.0,1.9,0.6,4.3,32.7,0.0,0.0,-1.4
Donovan Clingan,POR,22,77,41,36,16.1,6.1,11.8,52.0,1.4,4.2,34.1,2.4,3.5,68.0,6.0,9.4,15.3,2.8,1.6,0.8,2.2,3.1,46.0,37.0,0.0,0.2
Dennis Schröder,CLE,32,70,29,41,16.0,5.4,13.3,40.5,1.6,4.8,32.9,3.6,4.4,83.4,0.7,3.3,4.0,7.2,2.6,1.2,0.2,2.3,33.3,3.0,0.0,-5.0
Jayson Kent,POR,24,5,4,1,16.0,6.4,11.2,57.1,1.6,6.4,25.0,1.6,1.6,100,0.0,8.0,8.0,0.0,0.0,1.6,1.6,1.6,35.3,0.0,0.0,-4.8
Khris Middleton,DAL,34,63,18,45,16.0,5.7,13.5,42.0,1.7,4.7,36.0,3.0,3.4,87.5,1.3,4.5,5.8,4.4,2.7,1.0,0.2,3.6,30.6,2.0,0.0,-8.4
Duncan Robinson,DET,32,77,58,19,16.0,5.4,11.9,45.6,3.7,9.1,41.0,1.4,1.9,75.5,0.5,3.0,3.5,2.7,0.9,0.7,0.4,2.9,26.7,0.0,0.0,9.1
Cole Anthony,MIL,26,35,12,23,16.0,6.7,15.8,42.4,1.5,4.9,30.6,1.1,1.8,61.5,1.1,4.9,5.9,8.3,4.4,1.4,0.8,5.0,37.5,0.0,0.0,-7.6
DaRon Holmes II,DEN,23,25,17,8,16.0,5.3,10.5,50.8,3.4,7.7,44.4,1.9,2.4,78.6,1.4,4.6,6.0,2.7,2.1,0.2,1.0,3.3,28.9,0.0,0.0,-2.7
Collin Gillespie,PHX,26,80,43,37,16.0,5.6,13.3,41.8,3.7,9.1,40.1,1.2,1.4,87.4,1.4,3.8,5.2,5.9,2.0,1.6,0.3,2.1,34.4,3.0,0.0,3.2
Quinten Post,GSW,26,67,32,35,15.9,6.0,13.6,44.0,2.9,8.6,33.6,1.1,1.3,79.1,2.1,6.2,8.4,2.9,1.7,0.8,1.1,3.9,34.3,0.0,0.0,1.9
Myles Turner,MIL,30,71,30,41,15.9,5.3,12.2,44.0,2.8,7.2,38.3,2.5,3.3,74.0,1.4,5.7,7.1,1.9,1.6,0.9,2.2,3.5,35.1,4.0,0.0,-4.3
Jamal Cain,ORL,27,40,22,18,15.9,5.5,11.3,48.7,2.1,5.4,38.4,2.9,3.4,84.8,2.1,3.7,5.8,2.1,1.4,0.8,0.3,3.9,28.0,0.0,0.0,3.3
Isaiah Stewart,DET,25,58,42,16,15.9,6.0,11.0,55.0,1.1,3.3,33.3,2.7,3.6,75.6,2.6,5.3,7.9,1.8,1.8,0.4,2.5,4.5,35.2,2.0,0.0,1.1
Mikal Bridges,NYK,29,82,53,29,15.8,6.3,12.9,49.0,2.1,5.6,37.1,1.1,1.3,82.7,1.1,3.1,4.2,4.1,1.1,1.4,0.8,2.1,32.6,1.0,0.0,4.0
Daniel Gafford,DAL,27,55,12,43,15.8,6.2,9.5,65.5,0.0,0.0,0.0,3.3,4.9,68.3,4.2,7.2,11.4,1.7,1.9,1.3,2.1,4.3,40.2,10.0,0.0,-5.7
Josh Minott,BKN,23,49,23,26,15.7,5.4,10.9,50.0,2.8,6.6,41.8,2.1,2.6,78.7,2.1,4.7,6.8,2.0,1.9,1.9,1.0,3.2,33.8,1.0,0.0,-1.1
Alondes Williams,WAS,26,4,2,2,15.7,5.7,9.3,61.5,1.8,5.0,35.7,2.5,2.9,87.5,1.8,7.1,8.9,4.3,1.8,1.1,1.1,1.4,37.5,1.0,0.0,12.5
Cameron Payne,PHI,31,22,12,10,15.7,5.4,14.3,37.6,3.1,9.3,33.0,1.8,2.1,86.4,0.3,3.9,4.2,5.6,1.1,2.3,0.7,2.9,37.0,1.0,0.0,-6.2
Tre Mann,CHA,25,53,30,23,15.7,5.9,16.3,36.0,2.7,8.3,32.3,1.2,1.5,85.2,1.1,3.9,5.0,4.6,2.9,1.3,0.3,3.7,30.5,0.0,0.0,-8.2
Tristan Enaruna,CLE,24,9,8,1,15.6,5.9,11.8,50.0,1.3,4.2,30.0,2.5,3.4,75.0,3.0,3.0,5.9,3.0,1.3,2.1,0.0,1.3,32.3,0.0,0.0,18.2
Justin Champagnie,WAS,24,69,13,56,15.6,6.1,12.1,50.2,1.4,4.3,31.9,2.1,2.7,78.4,3.8,6.2,10.0,2.2,1.2,1.5,1.1,3.0,37.8,4.0,0.0,-7.7
Jett Howard,ORL,22,55,28,27,15.6,5.4,13.0,41.8,2.8,7.5,37.2,1.9,2.0,94.9,1.2,3.3,4.5,2.3,0.8,0.5,0.6,3.4,27.0,0.0,0.0,-3.6
Pelle Larsson,MIA,25,70,38,32,15.6,5.4,10.9,49.6,1.2,3.7,32.3,3.6,4.5,79.7,1.3,3.4,4.8,4.6,2.0,1.0,0.3,2.9,30.0,1.0,0.0,1.6
Aaron Wiggins,OKC,27,65,50,15,15.6,5.9,13.6,43.1,2.4,6.9,35.6,1.3,1.8,73.6,1.0,4.0,5.1,2.8,2.1,1.5,0.7,2.1,30.5,0.0,0.0,4.5
Marcus Sasser,DET,25,38,28,10,15.5,5.4,14.0,39.0,3.5,8.4,41.5,1.2,1.4,83.3,0.6,2.5,3.1,5.9,2.4,1.6,0.3,3.2,31.3,0.0,0.0,9.1
Jahmir Young,MIA,25,14,10,4,15.5,6.2,15.5,40.0,1.9,5.6,33.3,1.2,1.2,100,1.2,1.2,2.5,5.6,1.9,0.6,0.0,4.3,26.8,0.0,0.0,0.6
Jakob Poeltl,TOR,30,46,26,20,15.4,6.8,9.7,70.0,0.0,0.0,0.0,1.8,3.1,60.2,3.6,6.5,10.1,2.9,1.8,1.3,1.0,4.5,36.9,7.0,0.0,1.5
Danny Wolf,BKN,22,57,14,43,15.4,5.4,13.3,40.5,2.1,6.4,32.2,2.5,3.3,77.1,1.7,6.8,8.5,3.9,2.2,0.9,1.0,3.8,34.8,2.0,0.0,-7.0
Gradey Dick,TOR,22,76,43,33,15.4,5.4,13.0,41.9,1.9,6.3,30.1,2.6,3.0,87.5,1.4,3.5,5.0,1.7,1.4,1.5,0.2,3.4,27.7,1.0,0.0,4.2
Zaccharie Risacher,ATL,21,67,39,28,15.4,5.8,12.8,45.5,2.3,6.2,36.8,1.4,2.2,64.4,1.7,4.5,6.2,1.8,1.4,1.4,0.9,3.5,30.9,0.0,0.0,-0.4
Nikola Jović,MIA,22,47,24,23,15.3,5.1,14.0,36.6,2.0,7.4,26.9,3.1,4.5,68.3,1.1,5.7,6.8,4.5,2.9,1.2,0.8,2.9,33.2,0.0,0.0,-0.2
Trey Alexander,NOP,23,9,2,7,15.3,6.2,12.0,51.4,2.0,3.9,50.0,1.0,1.6,60.0,0.3,3.3,3.6,2.9,1.0,2.0,0.7,4.2,30.8,0.0,0.0,-5.9
Kenrich Williams,OKC,31,56,41,15,15.3,5.9,12.5,47.3,2.1,5.4,38.8,1.4,2.2,63.5,2.5,5.4,7.9,3.3,1.8,1.3,0.2,2.5,32.5,1.0,0.0,1.9
Nic Claxton,BKN,27,69,17,52,15.2,6.2,10.9,57.1,0.1,0.4,15.8,2.6,4.3,61.6,3.1,5.8,9.0,4.7,1.8,0.8,1.4,3.0,38.1,11.0,2.0,-9.7
Precious Achiuwa,SAC,26,73,20,53,15.2,6.5,12.3,52.8,0.6,2.0,27.8,1.6,2.9,55.4,3.7,6.5,10.1,2.1,1.3,1.3,1.0,2.5,36.3,12.0,0.0,-5.6
Rob Dillingham,CHI,21,65,29,36,15.2,6.0,15.3,39.6,1.6,4.9,31.6,1.5,2.0,74.5,0.7,4.2,4.9,5.3,3.7,1.7,0.2,4.2,31.2,0.0,0.0,-5.4
Harrison Ingram,SAS,23,7,6,1,15.2,6.9,8.3,83.3,1.4,1.4,100,0.0,0.0,0.0,4.1,0.0,4.1,1.4,1.4,0.0,0.0,2.8,20.8,0.0,0.0,-8.3
Max Christie,DAL,23,77,24,53,15.2,5.1,11.6,44.1,2.9,7.2,40.4,2.0,2.2,89.9,0.2,3.8,4.0,2.4,1.5,0.8,0.4,1.6,25.6,0.0,0.0,-5.4
E.J. Liddell,BKN,25,26,5,21,15.2,5.6,11.4,48.6,1.9,5.4,34.6,2.2,2.7,80.8,1.4,5.7,7.1,2.5,1.5,0.6,1.0,4.6,30.8,1.0,0.0,-4.8
Tyler Burton,MEM,26,12,2,10,15.1,4.9,13.1,37.5,2.6,7.7,33.3,2.7,3.2,85.2,0.9,4.9,5.9,1.4,1.3,1.3,0.5,3.6,28.3,0.0,0.0,-17.0
Sean Pedulla,LAC,23,7,4,3,15.1,5.8,17.4,33.3,3.5,11.6,30.0,0.0,0.0,0.0,0.0,3.5,3.5,5.8,1.2,0.0,0.0,4.6,26.8,0.0,0.0,-23.2
Haywood Highsmith,PHX,29,7,4,3,15.1,4.8,9.1,52.2,3.2,5.6,57.1,2.4,2.8,85.7,2.4,2.8,5.2,2.8,0.0,1.6,0.0,3.6,30.2,0.0,0.0,4.0
Yanic Konan Niederhäuser,LAC,23,41,22,19,15.0,5.4,8.5,64.0,0.1,0.4,20.0,4.0,5.3,75.8,3.1,6.8,9.9,1.0,2.0,0.4,2.5,5.6,35.4,0.0,0.0,3.2
Ronald Holland II,DET,20,78,56,22,14.9,5.5,12.6,43.2,1.2,4.6,25.3,2.8,3.5,80.5,1.9,5.4,7.3,2.2,2.2,2.1,0.6,4.2,33.0,2.0,0.0,3.1
Jusuf Nurkić,UTA,31,41,14,27,14.9,6.0,11.9,50.3,0.8,2.4,35.2,2.1,3.8,54.9,3.5,10.6,14.1,6.5,3.4,1.7,0.7,4.5,45.6,16.0,3.0,-6.2
Dalton Knecht,LAL,25,54,34,20,14.8,5.7,12.4,45.5,2.5,7.2,34.2,1.0,1.4,72.7,0.9,4.0,4.9,1.4,1.5,0.7,0.7,2.9,25.6,0.0,0.0,-5.3
Jaxson Hayes,LAL,26,66,43,23,14.8,5.9,7.8,75.6,0.1,0.1,100,2.9,4.5,65.3,3.0,5.1,8.1,1.8,0.9,0.9,1.6,3.8,33.5,1.0,0.0,2.1
Blake Wesley,POR,23,31,20,11,14.8,5.6,12.4,45.2,1.0,3.6,27.8,2.6,4.7,55.3,0.8,3.1,3.9,6.2,3.1,1.6,0.5,3.4,31.9,0.0,0.0,-7.8
Egor Dëmin,BKN,20,52,14,38,14.7,4.9,12.4,39.9,3.4,8.9,38.5,1.5,1.8,83.1,0.6,4.0,4.5,4.8,2.4,1.2,0.5,2.6,29.8,1.0,0.0,-4.4
Jamaree Bouyea,PHX,26,46,23,23,14.7,6.0,13.2,45.8,1.3,4.4,29.5,1.3,2.0,68.6,1.0,3.6,4.6,4.6,1.7,1.6,0.9,2.1,32.9,0.0,0.0,1.4
Tolu Smith,DET,25,15,11,4,14.7,4.7,9.4,50.0,0.0,0.0,0.0,5.2,7.9,66.7,5.8,7.1,12.8,3.4,1.8,0.5,1.6,6.0,39.6,0.0,0.0,0.0
Daeqwon Plowden,SAC,27,32,9,23,14.7,5.1,11.9,43.0,2.6,7.9,33.3,1.8,2.1,85.7,1.4,2.7,4.1,1.7,1.1,1.0,0.3,3.3,25.0,0.0,0.0,-8.7
Isaiah Jackson,LAC,24,55,20,35,14.7,6.0,9.4,63.7,0.0,0.1,0.0,2.7,4.2,64.8,4.5,7.0,11.5,2.1,2.3,1.4,1.9,5.8,39.4,7.0,0.0,-2.0
Jase Richardson,ORL,20,54,26,28,14.7,5.5,11.5,47.3,1.7,4.8,35.4,2.0,2.8,71.7,1.3,2.6,3.9,3.6,1.5,1.2,0.1,3.3,27.0,0.0,0.0,-1.0
Svi Mykhailiuk,UTA,28,50,14,36,14.6,5.4,11.3,47.8,3.1,7.5,40.8,0.8,0.9,89.3,1.1,2.7,3.9,2.9,1.3,0.8,0.1,2.0,25.0,0.0,0.0,-2.4
Landry Shamet,NYK,29,51,35,16,14.6,4.9,11.2,43.7,3.2,8.1,39.2,1.7,2.3,71.1,0.7,2.1,2.8,2.2,0.9,1.0,0.3,2.4,24.1,0.0,0.0,5.9
Bradley Beal,LAC,32,6,2,4,14.6,5.4,14.3,37.5,2.1,5.7,36.8,1.8,2.4,75.0,0.6,0.9,1.5,3.0,2.7,0.9,0.0,4.2,20.8,0.0,0.0,-6.8
Rui Hachimura,LAL,28,68,47,21,14.6,5.7,11.2,51.4,2.2,4.9,44.3,0.9,1.3,69.4,0.8,3.5,4.2,1.1,0.8,0.7,0.4,2.1,23.8,1.0,0.0,1.5
Tari Eason,HOU,25,60,38,22,14.6,5.6,13.5,41.6,2.2,6.0,35.8,1.2,1.6,77.6,2.9,5.9,8.7,2.1,1.9,1.7,0.7,3.2,33.3,6.0,0.0,3.9
Keegan Murray,SAC,25,23,5,18,14.6,5.7,13.6,42.0,1.4,5.1,27.7,1.7,2.2,77.6,1.5,4.5,6.0,1.7,1.2,1.1,1.6,1.9,31.3,2.0,0.0,-7.4
Kevin Love,UTA,37,37,10,27,14.6,4.6,11.7,39.7,3.1,8.3,37.3,2.2,2.6,84.1,3.2,9.4,12.6,3.9,1.8,0.8,0.5,3.2,37.9,2.0,0.0,-4.7
PJ Hall,CHA,24,19,7,12,14.5,5.1,10.0,50.8,0.5,0.8,60.0,3.9,4.9,79.3,5.6,7.1,12.7,1.7,2.7,0.5,1.7,3.7,36.1,1.0,0.0,-4.9
Wendell Carter Jr.,ORL,27,78,43,35,14.5,5.1,10.0,51.2,1.1,3.6,31.9,3.1,3.9,79.2,2.5,6.5,9.1,2.4,1.6,0.9,0.8,4.2,32.6,12.0,0.0,1.4
Neemias Queta,BOS,26,76,52,24,14.5,6.1,9.3,65.3,0.0,0.1,12.5,2.3,3.3,70.3,4.3,7.6,11.9,2.4,1.4,1.1,1.9,4.0,39.9,17.0,0.0,9.0
Toumani Camara,POR,26,82,42,40,14.5,5.2,11.7,44.0,2.9,7.8,37.0,1.3,1.8,70.8,1.7,3.8,5.5,2.6,1.9,1.2,0.5,3.1,28.3,3.0,0.0,0.4
Julian Champagnie,SAS,24,82,62,20,14.5,4.8,10.9,43.7,3.1,8.1,38.1,1.8,2.1,84.4,1.2,6.3,7.5,2.0,1.1,1.0,0.6,2.1,30.2,7.0,0.0,9.4
Nolan Traore,BKN,20,56,14,42,14.4,5.3,13.9,38.0,1.8,5.6,31.8,2.1,2.7,78.7,0.4,2.5,2.9,6.2,3.7,1.3,0.7,3.4,29.3,1.0,0.0,-8.1
Tristan da Silva,ORL,25,77,43,34,14.4,5.3,11.8,45.0,2.3,6.1,37.4,1.6,1.8,88.4,1.1,4.3,5.4,2.4,1.3,1.3,0.5,2.2,28.4,0.0,0.0,2.0
Donte DiVincenzo,MIN,29,82,49,33,14.4,4.9,12.1,40.6,3.5,9.3,37.9,1.1,1.5,74.3,1.0,3.9,4.8,4.5,1.7,1.5,0.5,2.8,31.3,1.0,0.0,4.9
Cameron Johnson,DEN,30,54,37,17,14.4,5.0,10.4,48.0,2.4,5.6,43.0,2.1,2.4,83.9,0.9,3.6,4.5,2.9,1.0,0.9,0.5,2.7,27.1,1.0,0.0,7.5
Trendon Watford,PHI,25,53,27,26,14.4,5.8,11.2,51.5,0.4,2.1,20.0,2.5,3.2,77.9,1.6,5.7,7.3,5.5,2.7,0.7,0.9,4.5,33.5,1.0,1.0,-6.5
Buddy Boeheim,OKC,26,4,2,2,14.4,4.8,14.4,33.3,4.8,14.4,33.3,0.0,0.0,0.0,0.0,0.0,0.0,0.0,0.0,0.0,0.0,2.4,14.4,0.0,0.0,14.4
Chaney Johnson,BKN,23,17,4,13,14.4,5.3,9.7,54.3,0.9,3.1,30.0,2.9,3.6,80.0,3.4,4.8,8.2,3.7,2.1,1.6,0.9,5.3,35.2,1.0,0.0,-8.1
Aaron Holiday,HOU,29,57,38,19,14.4,4.8,11.6,41.7,3.1,7.8,39.4,1.6,1.9,85.4,0.6,2.1,2.7,2.8,1.8,1.2,0.2,3.3,24.4,0.0,0.0,5.9
Jalen Wilson,BKN,25,54,10,44,14.4,4.6,11.6,39.6,2.3,6.4,35.5,2.9,4.0,71.9,0.7,4.1,4.8,2.1,1.6,0.9,0.1,3.6,24.7,0.0,0.0,-8.1
Antonio Reeves,CHA,25,10,4,6,14.4,5.3,10.6,50.0,3.7,6.9,53.8,0.0,0.0,0.0,1.1,3.2,4.3,1.6,0.5,0.5,0.0,1.6,22.9,0.0,0.0,15.4
Garrison Mathews,IND,29,15,4,11,14.3,3.9,9.5,40.4,3.1,8.4,37.0,3.5,4.2,82.6,0.4,2.8,3.1,1.8,0.6,1.1,0.6,3.5,25.2,0.0,0.0,-0.4
Josh Hart,NYK,31,66,44,22,14.3,5.4,10.7,50.8,1.8,4.4,41.3,1.6,2.3,72.0,1.7,7.1,8.8,5.7,2.3,1.4,0.3,3.0,36.1,13.0,2.0,3.8
Myron Gardner,MIA,25,45,24,21,14.3,5.2,10.8,48.0,2.3,5.6,40.6,1.7,2.3,73.1,3.4,7.3,10.7,3.9,1.5,1.8,0.7,6.8,38.8,1.0,0.0,6.8
Drew Eubanks,SAC,29,42,10,32,14.3,6.1,10.2,59.6,0.1,0.5,14.3,2.1,3.7,56.1,2.5,5.7,8.3,1.2,2.0,1.0,1.7,3.7,32.1,1.0,0.0,-10.2
Vít Krejčí,POR,25,65,32,33,14.2,5.0,11.1,44.8,3.3,8.5,39.0,1.0,1.3,74.5,0.8,3.0,3.8,2.6,1.1,1.2,0.5,3.6,26.7,0.0,0.0,-1.0
Justin Edwards,PHI,22,64,37,27,14.2,5.3,11.8,44.7,2.5,6.6,37.2,1.2,1.4,84.6,1.0,2.5,3.5,2.9,1.3,2.0,0.4,3.4,28.7,0.0,0.0,-2.6
Nick Richards,CHI,28,48,20,28,14.2,5.3,10.3,51.2,0.3,0.9,27.8,3.3,5.2,64.4,4.0,8.5,12.5,0.8,3.0,0.5,1.6,4.5,33.8,4.0,0.0,-7.0
Robert Williams III,POR,28,59,30,29,14.2,6.3,8.9,70.8,0.3,0.8,39.1,1.2,2.0,59.6,5.0,9.8,14.8,2.1,1.7,1.2,3.1,2.6,46.5,5.0,0.0,2.6
Kentavious Caldwell-Pope,MEM,33,51,20,31,14.2,5.0,12.1,41.0,1.8,5.8,31.6,2.4,2.6,91.3,0.7,3.5,4.1,4.6,2.0,1.4,0.3,1.9,29.1,0.0,0.0,-3.8
Javonte Green,DET,32,82,60,22,14.2,4.6,10.3,44.7,2.3,6.1,38.1,2.6,3.1,84.0,1.5,4.2,5.7,1.4,1.1,2.5,0.6,2.7,31.5,1.0,0.0,5.4
Ousmane Dieng,MIL,23,57,33,24,14.1,5.5,13.0,42.2,2.1,6.1,34.1,1.0,1.5,71.1,0.9,4.9,5.9,4.5,2.5,0.8,0.6,2.6,29.5,5.0,0.0,-6.9
Taylor Hendricks,MEM,22,59,12,47,14.1,5.2,11.4,45.9,2.0,5.9,34.2,1.6,2.3,68.1,2.1,5.0,7.1,1.8,1.6,1.6,1.0,3.2,31.4,2.0,0.0,-8.3
Brandon Clarke,MEM,29,2,1,1,14.1,5.3,15.9,33.3,0.0,0.0,0.0,3.5,7.0,50.0,7.0,3.5,10.6,1.8,0.0,3.5,0.0,8.8,40.0,0.0,0.0,-21.1
Drew Timme,LAL,25,27,18,9,14.1,5.8,10.1,57.6,1.7,3.8,44.0,0.8,1.4,55.6,1.5,3.5,5.1,3.5,2.0,0.9,0.0,3.1,26.2,0.0,0.0,-3.5
Taurean Prince,MIL,32,26,10,16,14.1,5.1,11.2,45.0,3.6,8.2,43.6,0.4,0.4,100,0.2,4.5,4.8,2.7,1.8,0.9,0.4,2.8,25.9,2.0,0.0,-3.0
Jevon Carter,ORL,30,53,26,27,14.1,5.1,12.7,40.1,3.2,8.9,36.3,0.6,0.8,78.9,0.6,3.1,3.7,3.6,1.5,1.7,0.4,2.4,28.6,0.0,0.0,-3.6
Collin Murray-Boyles,TOR,20,57,31,26,14.0,5.7,9.9,57.9,0.5,1.4,34.0,2.1,3.1,65.7,3.8,4.4,8.2,3.1,1.7,1.5,1.5,4.2,35.9,4.0,0.0,1.4
Luke Kennard,LAL,29,78,45,33,14.0,5.1,9.5,53.3,2.5,5.2,47.8,1.3,1.5,91.3,0.7,3.2,3.9,3.7,1.3,1.2,0.2,2.2,27.0,1.0,1.0,0.9
Mohamed Diawara,NYK,21,69,42,27,14.0,5.1,12.1,42.3,2.7,7.4,36.9,1.0,1.4,75.0,0.9,4.5,5.3,3.0,1.7,1.0,0.3,2.8,27.1,0.0,0.0,3.3
Brook Lopez,LAC,38,75,41,34,14.0,5.1,11.9,42.8,2.5,7.0,36.0,1.2,1.6,75.7,1.0,5.0,6.0,2.1,1.3,1.0,1.9,3.4,31.7,1.0,0.0,0.9
Jordan Goodwin,PHX,27,70,39,31,13.9,5.2,12.7,41.3,2.6,6.9,37.1,0.9,1.3,69.6,3.2,4.6,7.8,3.5,1.6,2.4,0.3,3.0,35.2,2.0,0.0,2.1
Ron Harper Jr.,BOS,26,29,22,7,13.9,5.2,12.5,41.8,3.2,9.1,35.0,0.3,0.5,75.0,1.7,3.7,5.4,2.5,0.9,1.1,1.0,2.3,29.8,0.0,0.0,2.0
Pat Spencer,GSW,29,66,30,36,13.9,5.4,12.8,42.7,1.8,4.9,35.7,1.3,1.7,77.2,1.5,3.1,4.6,6.8,2.5,1.4,0.1,2.2,31.9,1.0,0.0,-2.8
Bub Carrington,WAS,20,82,17,65,13.9,5.0,11.7,42.4,2.7,6.6,40.8,1.3,1.8,73.0,0.5,3.9,4.4,6.0,3.0,0.8,0.3,2.9,28.5,0.0,0.0,-11.8
Bryce McGowens,NOP,23,42,14,28,13.9,4.7,9.7,48.1,1.6,3.8,40.9,3.0,3.9,77.9,0.5,3.1,3.6,2.5,0.7,1.1,0.3,3.6,25.6,0.0,0.0,-2.9
Karlo Matković,NOP,25,62,24,38,13.9,5.6,9.3,60.4,1.5,3.6,42.2,1.2,1.6,73.2,2.8,6.2,9.0,2.0,1.3,1.0,2.1,4.1,35.7,1.0,0.0,-3.7
Tidjane Salaün,CHA,20,37,19,18,13.9,5.0,9.9,50.3,2.3,5.2,43.4,1.6,2.5,65.0,1.6,7.7,9.3,1.7,1.6,1.0,0.4,3.4,30.3,1.0,0.0,-0.3
Goga Bitadze,ORL,26,64,34,30,13.9,5.6,8.3,67.6,0.1,0.4,18.2,2.6,3.6,71.1,5.1,6.8,11.9,3.1,1.6,1.4,2.3,5.0,42.1,3.0,0.0,0.6
Harrison Barnes,SAS,34,77,57,20,13.9,4.7,10.4,45.6,2.5,6.5,38.8,1.8,2.2,82.9,1.1,2.7,3.9,2.7,1.1,0.9,0.2,1.5,24.8,0.0,0.0,6.0
Kobe Bufkin,LAL,22,16,10,6,13.9,4.5,15.1,30.0,1.5,7.8,19.2,3.3,3.6,91.7,0.3,3.6,3.9,3.0,1.5,0.6,0.9,2.7,26.1,0.0,0.0,-20.5
Gary Trent Jr.,MIL,27,65,24,41,13.8,4.8,12.4,38.7,3.2,8.9,36.0,1.0,1.4,76.9,0.2,1.5,1.8,2.1,1.1,0.9,0.1,2.2,20.9,0.0,0.0,-9.1
Al Horford,GSW,40,45,22,23,13.8,5.1,12.0,42.6,2.7,7.6,36.1,0.8,1.0,84.6,1.6,6.5,8.1,4.3,1.6,1.1,1.9,1.9,37.5,0.0,0.0,-0.3
Caris LeVert,DET,31,60,44,16,13.8,5.1,12.2,41.7,1.9,5.6,33.3,1.8,2.6,67.9,0.7,2.9,3.6,5.0,2.6,1.6,1.3,2.8,31.7,0.0,0.0,-0.2
Rocco Zikarsky,MIN,19,5,1,4,13.8,4.9,7.9,62.5,0.0,0.0,0.0,3.9,3.9,100,2.0,11.8,13.8,2.0,1.0,0.0,4.9,3.0,47.2,0.0,0.0,6.9
Chris Youngblood,POR,24,34,29,5,13.8,4.3,12.3,34.9,3.5,10.5,33.3,1.8,1.9,90.0,1.4,4.1,5.4,2.3,0.4,0.8,0.6,4.3,27.5,0.0,0.0,1.8
Julian Reese,WAS,22,13,1,12,13.8,5.6,10.7,52.9,0.0,0.0,0.0,2.5,3.9,63.6,4.9,7.4,12.3,2.2,2.9,1.6,0.7,3.8,35.9,5.0,0.0,-10.0
Jeff Green,HOU,39,30,22,8,13.8,5.1,14.0,36.8,2.5,9.1,27.3,1.0,1.0,100,1.4,3.7,5.1,1.6,0.8,0.4,0.4,2.5,24.1,0.0,0.0,-5.4
Walter Clayton Jr.,MEM,23,69,17,52,13.7,4.5,11.8,38.4,1.9,6.2,30.7,2.8,3.1,90.1,0.6,2.9,3.5,7.1,3.0,1.1,0.5,3.0,30.5,1.0,0.0,-7.3
DeJon Jarreau,MEM,28,11,2,9,13.7,5.1,13.0,39.8,0.6,4.7,13.3,2.8,3.6,78.3,1.9,6.1,8.0,5.6,4.1,1.6,1.2,4.4,36.1,0.0,0.0,-17.5
Ausar Thompson,DET,23,73,53,20,13.7,5.8,11.0,52.5,0.1,0.5,25.0,2.1,3.6,57.1,2.8,5.1,7.9,4.3,2.1,2.8,1.3,3.8,39.9,3.0,0.0,7.5
Isaiah Hartenstein,OKC,28,47,39,8,13.7,5.8,9.4,62.2,0.0,0.2,0.0,2.0,3.3,61.0,4.7,9.3,14.0,5.3,2.6,1.5,1.1,3.7,43.8,11.0,1.0,11.6
Bogdan Bogdanović,LAC,33,23,8,15,13.6,4.7,12.1,38.8,2.6,7.6,34.7,1.6,2.0,80.0,0.5,4.2,4.7,4.1,2.2,0.8,0.2,3.7,26.3,0.0,0.0,-2.4
Tyler Kolek,NYK,25,62,39,23,13.6,5.3,12.3,43.5,2.2,5.6,38.6,0.7,1.0,70.0,0.8,4.1,4.9,8.4,2.7,1.1,0.2,3.2,33.2,2.0,0.0,5.2
Christian Braun,DEN,25,44,29,15,13.5,5.2,10.0,51.9,1.1,3.7,30.1,2.0,2.6,78.2,1.6,3.9,5.4,3.1,1.1,0.8,0.3,2.7,26.8,0.0,0.0,7.5
Kadary Richmond,WAS,24,3,2,1,13.5,5.4,8.6,62.5,1.1,2.2,50.0,1.6,1.6,100,0.5,4.9,5.4,4.3,1.1,4.3,0.5,1.1,39.9,0.0,0.0,2.7
Derrick Jones Jr.,LAC,29,50,26,24,13.4,5.0,10.1,49.9,1.5,4.1,35.9,1.9,2.5,76.3,1.6,3.0,4.6,1.8,1.1,1.2,1.3,2.8,28.3,1.0,0.0,3.5
Tyrese Martin,PHI,27,46,12,34,13.4,5.1,12.8,39.4,2.5,7.6,32.1,0.9,1.3,67.9,1.6,3.8,5.4,3.6,1.9,1.2,0.3,1.5,27.8,0.0,0.0,-8.4
Doug McDermott,SAC,34,29,8,21,13.4,4.4,11.4,38.8,3.9,10.1,39.0,0.7,0.7,88.9,0.6,2.5,3.0,1.8,1.1,0.5,0.3,2.3,21.2,0.0,0.0,-8.4
Jordan Hawkins,NOP,24,51,13,38,13.4,4.9,13.4,36.6,2.4,7.0,34.8,1.2,1.4,85.2,1.0,3.5,4.6,2.2,1.8,0.7,0.5,1.6,24.0,0.0,0.0,-6.9
Nae'Qwan Tomlin,CLE,25,64,42,22,13.4,5.4,11.3,47.8,1.0,4.1,23.5,1.7,2.2,77.0,3.1,3.6,6.7,1.9,1.0,1.5,1.2,4.5,31.3,0.0,0.0,2.2
Jose Alvarado,NYK,28,69,28,41,13.4,4.9,11.8,41.6,2.7,7.5,35.2,0.9,1.2,76.1,0.7,3.8,4.5,6.1,2.0,1.7,0.2,3.4,31.8,1.0,0.0,0.6
Sam Hauser,BOS,28,78,54,24,13.4,4.7,11.2,41.9,3.7,9.4,39.3,0.3,0.4,85.0,1.0,4.5,5.6,2.1,0.7,0.7,0.4,2.1,26.0,0.0,0.0,6.9
Jamison Battle,TOR,25,61,35,26,13.4,5.2,10.1,51.0,2.4,5.9,41.2,0.6,1.0,64.3,1.4,4.8,6.2,1.7,1.3,0.5,0.2,2.9,24.1,0.0,0.0,6.2
Pat Connaughton,CHA,33,42,25,17,13.4,4.6,10.3,44.7,2.5,6.3,40.4,1.6,2.4,65.0,1.8,5.6,7.4,2.2,1.3,1.3,0.1,1.1,28.6,0.0,0.0,-3.5
Guerschon Yabusele,CHI,30,67,32,35,13.3,4.5,11.2,40.1,2.5,7.0,35.2,1.9,2.6,75.0,2.0,6.4,8.4,2.3,1.5,0.9,0.6,2.9,29.8,4.0,0.0,-5.9
Kelly Olynyk,SAS,35,42,33,9,13.3,4.7,9.6,49.0,1.2,4.7,25.5,2.7,3.8,71.1,2.4,5.2,7.6,4.9,2.4,1.5,0.3,3.9,32.8,0.0,0.0,-3.8
Jaylin Williams,OKC,23,65,54,11,13.2,4.2,9.9,42.3,2.8,7.2,38.3,2.1,2.6,79.3,0.9,9.2,10.1,4.5,1.9,0.9,1.2,3.6,36.3,6.0,0.0,8.6
Ja'Kobe Walter,TOR,21,72,41,31,13.2,4.4,9.9,44.6,2.7,6.6,40.9,1.7,2.2,78.9,1.4,3.2,4.5,2.1,0.9,1.8,0.3,4.0,27.3,0.0,0.0,0.0
Kobe Brown,IND,26,61,17,44,13.2,4.8,10.1,46.9,1.9,5.2,37.4,1.8,2.2,79.7,2.5,4.4,6.9,3.0,2.0,0.9,0.4,2.6,27.9,0.0,0.0,-8.2
Kobe Sanders,LAC,24,68,36,32,13.2,4.8,10.2,46.6,2.1,5.2,40.8,1.5,1.8,82.6,0.8,3.3,4.1,2.9,2.2,1.3,0.3,3.9,25.0,0.0,0.0,0.9
Vince Williams Jr.,UTA,25,40,16,24,13.2,4.5,12.8,35.3,2.4,7.8,31.1,1.7,2.2,78.0,1.7,5.1,6.8,7.3,3.1,1.3,0.7,3.5,35.1,1.0,0.0,0.3
Trayce Jackson-Davis,TOR,26,53,29,24,13.1,5.2,9.0,57.3,0.1,0.1,100,2.8,5.4,51.4,4.8,5.7,10.5,2.8,1.7,1.2,1.7,3.3,37.3,1.0,0.0,-5.5
Carter Bryant,SAS,20,71,56,15,13.1,4.8,11.7,40.8,2.3,6.8,33.5,1.3,1.8,71.4,1.7,6.2,7.8,2.1,1.5,0.7,1.0,4.1,29.3,0.0,0.0,-0.2
Duop Reath,POR,29,32,16,16,13.1,4.6,10.3,44.6,3.2,7.7,41.8,0.7,0.8,83.3,1.4,3.9,5.3,1.4,1.0,0.7,1.1,3.9,26.0,0.0,0.0,-5.4
Matisse Thybulle,POR,29,30,17,13,13.1,4.4,10.1,43.3,2.8,7.0,39.8,1.6,1.9,84.0,1.3,3.2,4.4,2.0,2.1,4.5,1.2,3.2,36.4,0.0,0.0,6.6
Jabari Walker,PHI,23,64,36,28,13.0,4.6,10.1,45.5,1.5,4.5,33.7,2.4,3.2,73.5,3.4,5.7,9.1,1.6,1.3,1.1,0.6,4.9,30.2,2.0,0.0,0.2
Ben Saraf,BKN,20,44,10,34,13.0,4.7,11.9,39.6,0.7,3.5,21.1,2.9,3.5,83.0,0.8,2.8,3.6,5.7,3.9,1.5,0.3,3.2,27.5,0.0,0.0,-9.3
Cody Williams,UTA,21,67,16,51,13.0,5.3,11.2,46.8,0.6,2.9,21.4,1.9,2.6,70.6,1.3,3.0,4.4,3.0,1.6,1.1,0.6,2.7,26.3,2.0,0.0,-8.7
Tony Bradley,ATL,28,41,10,31,12.9,5.1,9.3,54.7,0.2,0.3,50.0,2.6,3.4,74.4,4.8,4.5,9.3,1.8,1.4,0.5,0.6,5.0,28.4,0.0,0.0,-11.2
Liam McNeeley,CHA,20,31,12,19,12.9,3.7,9.3,40.0,2.4,5.9,40.0,3.1,3.8,82.1,1.3,5.9,7.2,2.4,1.3,0.5,0.3,3.5,26.1,0.0,0.0,0.8
RayJ Dennis,ATL,25,17,3,14,12.9,4.5,14.5,31.3,2.4,7.9,31.1,1.4,1.6,88.9,1.4,3.1,4.5,5.8,3.0,0.7,0.7,3.7,28.2,0.0,0.0,-10.8
John Tonje,BOS,25,6,5,1,12.9,3.4,12.0,28.6,2.6,8.6,30.0,3.4,3.4,100,0.0,5.2,5.2,1.7,0.0,1.7,0.0,4.3,26.8,0.0,0.0,-5.2
Dyson Daniels,ATL,23,76,44,32,12.9,5.7,11.1,51.7,0.3,1.7,18.8,1.1,1.7,61.5,2.6,4.8,7.4,6.4,1.9,2.1,0.4,2.4,37.2,15.0,2.0,4.4
Jamir Watkins,WAS,24,50,10,40,12.8,4.6,10.3,44.6,1.6,5.5,29.7,2.0,2.9,69.5,1.7,5.1,6.8,2.3,1.4,1.9,0.9,4.5,31.3,0.0,0.0,-5.7
AJ Green,MIL,26,78,31,47,12.8,4.2,9.8,42.4,3.7,8.8,41.9,0.8,1.0,85.5,0.5,2.9,3.4,2.4,1.2,0.6,0.1,2.8,21.5,0.0,0.0,-2.3
Olivier Sarr,CLE,27,4,3,1,12.8,4.6,6.4,71.4,1.8,2.7,66.7,1.8,4.6,40.0,1.8,8.2,10.1,4.6,1.8,1.8,2.7,8.2,43.6,0.0,0.0,23.8
Grant Williams,CHA,27,36,25,11,12.8,3.9,9.3,42.6,2.6,6.8,38.8,2.2,2.7,81.5,2.3,4.9,7.2,2.8,1.6,0.9,0.9,2.8,29.4,0.0,0.0,10.3
Pacôme Dadiet,NYK,20,29,18,11,12.7,4.2,12.7,33.3,1.9,8.5,21.9,2.4,2.9,81.8,1.1,6.1,7.2,3.2,0.8,0.8,0.3,2.1,28.5,0.0,0.0,-1.3
Rasheer Fleming,PHX,21,55,29,26,12.7,4.7,11.5,40.5,2.4,6.9,34.6,1.0,1.8,55.9,3.0,3.6,6.6,0.9,1.6,1.2,1.1,3.4,27.3,0.0,0.0,5.2
KJ Simpson,DEN,23,20,10,10,12.7,4.8,13.8,34.3,1.7,5.6,30.0,1.5,2.5,61.1,1.3,3.9,5.2,6.0,3.5,2.2,0.0,2.5,31.1,0.0,0.0,-0.3
AJ Johnson,DAL,21,48,9,39,12.7,4.5,14.0,32.4,1.0,4.5,21.1,2.7,3.2,85.0,1.1,3.3,4.4,3.7,2.4,0.9,0.2,2.4,24.5,0.0,0.0,-4.2
Ryan Kalkbrenner,CHA,24,69,39,30,12.7,5.3,7.1,75.3,0.0,0.1,0.0,2.0,2.8,71.6,4.1,5.1,9.2,1.3,1.5,0.8,2.5,2.6,33.9,3.0,0.0,1.1
Mouhamadou Gueye,CHI,27,2,0,2,12.7,4.8,8.7,54.5,0.8,4.0,20.0,2.4,3.2,75.0,1.6,3.2,4.8,4.8,2.4,1.6,0.8,3.2,30.3,0.0,0.0,-12.7
Taj Gibson,MEM,40,10,1,9,12.6,4.5,9.7,46.2,1.1,2.2,50.0,2.6,3.0,87.5,4.1,5.9,10.0,2.2,0.4,0.7,0.4,5.2,31.0,0.0,0.0,-2.6
Alijah Martin,TOR,24,23,10,13,12.6,4.0,12.4,32.0,1.0,5.2,19.0,3.7,4.7,78.9,2.2,3.0,5.2,3.0,2.0,2.0,1.0,3.0,30.2,0.0,0.0,-3.5
Enrique Freeman,MIN,25,4,3,1,12.6,3.9,7.7,50.0,1.9,3.9,50.0,2.9,3.9,75.0,1.9,7.7,9.7,1.9,1.9,1.9,2.9,4.8,39.7,0.0,0.0,27.1
Rudy Gobert,MIN,33,76,46,30,12.5,5.1,7.4,68.2,0.0,0.1,0.0,2.4,4.6,52.6,4.5,8.7,13.2,1.9,1.6,0.9,1.9,3.0,37.9,33.0,0.0,3.5
Taelon Peter,IND,24,38,6,32,12.5,4.4,11.6,38.0,3.0,9.1,32.8,0.7,1.2,62.5,0.7,3.6,4.3,2.9,2.0,1.9,0.3,2.8,26.7,0.0,0.0,-7.3
Kasparas Jakučionis,MIA,20,53,28,25,12.5,3.9,9.1,42.9,2.5,5.9,42.3,2.2,2.5,87.9,1.6,3.6,5.3,5.2,1.9,1.3,0.3,3.8,29.3,0.0,0.0,2.7
Keaton Wallace,ATL,27,53,31,22,12.5,4.6,11.5,39.8,2.6,6.9,37.3,0.8,1.2,66.7,0.2,3.6,3.8,6.3,1.9,1.6,0.3,3.2,30.4,0.0,0.0,-6.8
Skal Labissiere,WAS,30,3,2,1,12.5,5.8,9.6,60.0,1.0,4.8,20.0,0.0,0.0,0.0,2.9,5.8,8.6,2.9,1.0,1.9,1.0,2.9,34.8,0.0,0.0,1.9
Dru Smith,MIA,28,70,38,32,12.5,4.3,10.3,41.5,1.2,4.1,29.5,2.7,3.3,82.9,2.0,3.5,5.5,5.7,1.7,3.2,0.7,3.4,37.2,0.0,0.0,-2.6
Royce O'Neale,PHX,32,78,43,35,12.4,4.3,10.2,42.1,3.4,8.5,40.8,0.4,0.6,71.1,1.0,5.1,6.1,3.4,1.7,1.4,0.5,2.9,28.8,2.0,0.0,-1.8
Malachi Smith,BKN,26,15,3,12,12.4,4.8,9.9,48.5,2.0,4.6,43.5,0.8,0.8,100,1.2,3.9,5.1,4.9,1.4,1.2,0.4,1.3,29.4,1.0,0.0,-9.0
Pete Nance,MIL,26,47,14,33,12.4,4.9,9.5,51.5,2.4,5.8,42.0,0.2,0.5,36.4,1.3,4.8,6.1,2.3,1.3,0.7,0.7,3.0,26.1,1.0,0.0,-3.8
Isaac Okoro,CHI,25,63,26,37,12.4,4.5,9.7,46.0,1.6,4.7,33.0,1.9,2.4,79.5,1.5,2.2,3.7,2.1,1.0,1.0,0.6,3.4,23.8,0.0,0.0,-7.1
Adama Bal,MEM,22,8,1,7,12.4,4.2,10.1,41.2,2.7,6.6,40.9,1.3,1.5,90.0,0.9,2.8,3.7,2.8,0.9,1.3,0.1,4.0,24.7,0.0,0.0,-24.8
Nique Clifford,SAC,24,75,21,54,12.3,4.8,11.4,41.8,1.5,4.4,33.3,1.3,1.9,72.2,1.2,4.2,5.4,3.4,2.2,1.3,0.5,3.0,27.0,0.0,0.0,-4.2
Patrick Williams,CHI,24,72,24,48,12.3,4.3,11.7,37.2,2.3,6.7,34.7,1.3,1.8,72.0,1.2,4.1,5.3,2.6,1.8,1.2,0.6,2.3,26.1,0.0,0.0,-8.4
Ethan Thompson,IND,27,32,8,24,12.3,4.1,10.8,37.8,2.1,6.4,32.8,2.0,2.6,78.7,0.9,2.9,3.8,3.1,1.4,1.1,0.5,3.8,25.0,0.0,0.0,0.1
Alex Caruso,OKC,32,56,47,9,12.3,4.5,10.6,42.3,1.9,6.4,29.3,1.4,1.8,80.4,1.0,4.5,5.5,3.9,1.7,2.5,0.6,2.4,32.4,0.0,0.0,13.5
Alex Morales,ORL,28,4,3,1,12.2,4.6,10.7,42.9,0.0,1.5,0.0,3.1,3.1,100,1.5,3.1,4.6,6.1,6.1,0.0,0.0,10.7,20.8,0.0,0.0,12.2
Ryan Nembhard,DAL,23,60,20,40,12.2,5.0,12.0,41.5,1.5,4.2,35.6,0.8,1.0,80.6,0.4,3.7,4.1,9.7,2.6,0.8,0.1,2.6,31.6,4.0,0.0,-0.7
Tyler Smith,DAL,21,12,2,10,12.2,4.6,10.9,42.0,2.2,7.6,28.6,0.9,1.3,66.7,2.6,4.6,7.2,1.1,1.3,1.3,0.0,2.8,25.0,0.0,0.0,-4.8
Khaman Maluach,PHX,19,46,22,24,12.2,4.9,9.2,53.3,0.4,1.8,23.8,1.9,2.7,71.0,4.3,7.4,11.6,0.5,2.2,0.4,2.9,3.8,34.7,1.0,0.0,4.1
Anthony Gill,WAS,33,55,6,49,12.2,5.1,8.1,62.8,0.6,1.8,35.4,1.3,1.7,73.9,2.2,3.8,6.0,2.6,1.4,1.2,0.8,3.3,27.8,0.0,0.0,-11.1
Jeremy Sochan,NYK,23,44,30,14,12.1,4.9,9.9,49.6,0.8,3.5,24.4,1.5,2.0,73.1,2.8,5.4,8.2,3.1,1.6,1.3,0.5,4.8,30.5,0.0,0.0,-4.5
Lindy Waters III,SAS,28,40,31,9,12.0,4.2,11.1,37.5,3.4,10.0,34.2,0.3,0.4,66.7,0.4,3.3,3.7,2.4,0.9,0.8,0.1,3.0,21.8,0.0,0.0,-0.6
Curtis Jones,DEN,24,10,8,2,11.9,4.5,11.1,40.7,2.5,7.4,33.3,0.4,0.8,50.0,0.8,3.7,4.5,4.1,0.8,1.6,0.0,2.5,27.6,0.0,0.0,10.7
Ben Sheppard,IND,24,65,16,49,11.9,4.3,10.0,43.4,2.2,6.0,36.2,1.0,1.3,76.5,1.1,3.9,5.0,3.0,1.1,1.0,0.2,3.0,24.8,0.0,0.0,-6.9
Julian Phillips,MIN,22,48,19,29,11.8,4.3,10.2,42.1,1.7,5.5,30.8,1.5,1.9,78.3,1.9,2.2,4.1,0.8,0.9,1.9,0.6,3.6,24.4,0.0,0.0,-1.9
Andre Drummond,PHI,32,63,33,30,11.8,4.7,9.9,47.2,0.9,2.6,35.6,1.6,2.5,63.1,5.9,9.7,15.6,2.3,1.8,1.1,1.4,3.7,39.8,17.0,0.0,-2.5
Marcus Smart,LAL,32,62,41,21,11.8,3.8,9.7,39.5,2.0,6.0,33.1,2.2,2.6,82.2,0.7,2.8,3.5,3.8,1.9,1.8,0.5,3.3,26.5,0.0,0.0,5.2
Omer Yurtseven,GSW,27,9,3,6,11.8,3.8,9.0,42.3,0.0,1.4,0.0,4.2,6.2,66.7,4.5,5.9,10.4,2.8,3.1,0.7,0.3,5.2,28.4,0.0,0.0,-4.8
Davion Mitchell,MIA,27,70,37,33,11.8,4.7,9.6,49.0,1.6,4.1,39.5,0.8,1.2,64.6,0.6,2.8,3.4,8.2,1.9,1.2,0.2,3.3,30.4,5.0,0.0,3.6
Jake LaRavia,LAL,24,82,53,29,11.8,4.2,9.1,45.9,1.4,4.2,32.1,2.0,2.7,76.3,2.0,3.7,5.7,2.5,1.5,1.8,0.7,3.4,28.3,1.0,0.0,-0.1
Elijah Harkless,UTA,26,26,5,21,11.8,3.6,10.6,33.5,1.4,5.8,23.9,3.2,4.2,76.6,0.7,2.8,3.5,5.0,1.7,2.0,0.4,3.4,29.0,1.0,0.0,-2.2
Lucas Williamson,MEM,27,7,0,7,11.7,4.0,12.1,33.3,2.4,8.5,28.3,1.3,1.3,100,1.8,4.3,6.1,2.9,1.6,1.8,0.2,4.2,27.6,1.0,0.0,-20.1
Cam Christie,LAC,20,55,26,29,11.7,4.0,10.4,38.1,0.9,3.7,24.5,2.9,3.8,76.0,1.4,4.4,5.9,2.3,1.7,1.2,0.2,1.4,24.8,0.0,0.0,-0.9
Bronny James,LAL,21,42,24,18,11.7,4.5,11.0,40.9,2.1,5.5,38.6,0.6,0.7,85.7,0.5,1.7,2.2,4.9,2.4,1.8,0.4,2.7,25.9,0.0,0.0,-3.8
Bruce Brown,DEN,29,82,54,28,11.7,4.5,9.4,47.5,1.0,2.7,38.5,1.7,2.3,76.2,1.5,4.2,5.7,3.1,1.6,1.5,0.4,3.5,27.3,1.0,0.0,-1.4
Nikola Topić,OKC,20,10,6,4,11.7,4.9,11.5,43.1,1.3,3.4,40.0,0.4,1.1,40.0,1.6,2.7,4.3,9.9,5.6,1.1,0.0,2.9,29.4,2.0,0.0,-9.4
Keon Ellis,CLE,26,72,31,41,11.7,4.1,9.3,44.0,2.2,6.1,36.3,1.2,1.7,72.9,0.9,2.4,3.3,1.8,1.0,2.0,1.1,3.3,26.7,0.0,0.0,-3.5
Dominick Barlow,PHI,23,71,40,31,11.6,4.6,8.5,53.9,0.4,1.7,25.6,2.0,2.8,71.8,2.8,4.4,7.2,1.9,1.2,1.3,1.1,3.2,29.3,2.0,0.0,0.6
Ochai Agbaji,BKN,26,62,28,34,11.6,4.5,10.4,43.6,1.3,4.7,26.6,1.3,1.6,83.7,1.7,3.5,5.2,1.7,1.1,0.9,0.6,3.4,23.9,0.0,0.0,-2.3
Kevin McCullar Jr.,NYK,25,21,11,10,11.6,4.6,10.9,42.6,1.9,5.6,33.3,0.5,1.2,40.0,2.6,3.9,6.5,4.6,2.8,2.1,0.0,5.1,29.9,0.0,0.0,-11.1
Cason Wallace,OKC,22,77,61,16,11.6,4.4,10.3,43.2,1.8,5.1,35.1,1.0,1.2,80.9,1.1,3.1,4.2,3.5,1.3,2.6,0.5,2.7,30.0,1.0,0.0,9.4
Jalen Pickett,DEN,26,50,34,16,11.6,4.4,10.4,42.2,2.2,5.7,38.6,0.7,0.8,78.9,0.8,4.3,5.1,5.1,1.5,0.6,0.2,1.9,26.3,0.0,0.0,0.1
Patrick Baldwin Jr.,SAC,23,9,3,6,11.6,3.9,9.5,40.7,2.1,4.9,42.9,1.8,2.5,71.4,4.2,3.9,8.1,1.8,1.8,1.1,1.8,5.3,30.6,0.0,0.0,-13.7
Miles Kelly,DAL,23,14,7,7,11.6,4.3,11.8,36.4,2.7,8.9,30.3,0.3,0.3,100,1.3,5.1,6.5,3.2,1.6,1.1,0.3,3.2,26.6,0.0,0.0,-3.2
Moussa Cisse,DAL,23,38,11,27,11.6,4.5,7.8,57.4,0.0,0.0,0.0,2.6,5.5,46.9,6.1,8.6,14.7,0.6,2.0,1.3,3.1,5.0,41.1,2.0,0.0,-0.2
Will Richard,GSW,23,69,34,35,11.5,4.2,9.0,46.8,1.9,5.5,33.5,1.2,1.4,85.2,1.8,2.7,4.5,2.4,1.4,2.1,0.2,3.4,26.2,0.0,0.0,-2.5
Dalen Terry,PHI,23,48,22,26,11.5,4.4,10.1,43.9,1.6,4.3,36.4,1.0,2.0,53.3,1.7,3.9,5.6,4.3,1.7,1.9,1.0,3.2,31.6,0.0,0.0,-2.9
Jae'Sean Tate,HOU,30,46,33,13,11.5,5.0,9.7,51.4,0.9,2.8,31.3,0.6,1.0,63.6,2.9,3.6,6.5,2.2,1.4,0.9,0.3,4.3,24.6,0.0,0.0,-3.3
Thanasis Antetokounmpo,MIL,33,34,9,25,11.4,3.6,7.8,46.9,0.0,1.0,0.0,4.1,7.3,56.7,2.9,4.4,7.3,3.6,2.4,3.2,1.5,4.4,37.1,0.0,0.0,1.2
Yang Hansen,POR,20,43,24,19,11.4,3.7,12.0,31.0,0.6,5.0,11.9,3.4,4.1,82.4,2.4,5.5,7.9,2.6,3.8,0.4,1.2,5.2,25.7,0.0,0.0,-12.0
Jordan McLaughlin,SAS,30,44,37,7,11.4,4.2,10.1,41.8,2.2,5.1,42.5,0.8,0.9,85.7,0.9,3.2,4.1,4.9,1.9,2.6,0.3,1.4,30.1,0.0,0.0,-7.8
JD Davison,HOU,23,28,23,5,11.4,4.0,10.5,37.5,1.3,5.3,25.0,2.1,3.1,68.4,0.5,5.1,5.6,5.8,1.2,1.0,1.0,2.8,31.5,0.0,0.0,2.6
Adou Thiero,LAL,22,25,15,10,11.4,3.9,7.5,51.6,0.2,0.7,33.3,3.4,5.3,63.6,2.2,4.6,6.8,2.4,2.2,1.7,0.5,4.6,27.5,0.0,0.0,-8.0
Killian Hayes,SAC,24,23,10,13,11.3,3.7,12.3,30.4,1.5,5.6,27.0,2.3,2.5,92.9,0.4,4.4,4.8,7.2,2.5,1.9,0.4,3.2,32.0,0.0,0.0,-1.6
Herbert Jones,NOP,27,56,22,34,11.2,4.1,10.8,38.3,1.8,5.9,30.9,1.1,1.4,80.6,1.1,3.2,4.3,3.5,1.7,2.0,0.6,4.0,27.8,0.0,0.0,-1.1
Kyle Anderson,MIN,32,43,15,28,11.2,4.5,8.5,53.0,0.2,0.5,36.4,2.0,2.9,70.6,1.8,4.6,6.3,5.3,1.6,1.9,1.1,4.1,34.1,0.0,0.0,-3.4
Luguentz Dort,OKC,27,69,53,16,11.2,3.9,10.2,38.5,2.5,7.2,34.4,0.9,1.1,75.9,1.1,3.7,4.8,1.7,1.1,1.2,0.5,3.5,23.6,0.0,0.0,5.7
Luke Kornet,SAS,30,68,52,16,11.2,4.4,6.8,64.3,0.0,0.0,0.0,2.4,2.9,82.5,4.6,5.9,10.4,3.2,0.7,0.8,1.6,3.0,35.1,3.0,0.0,3.0
Jaylen Clark,MIN,24,68,40,28,11.2,4.0,9.2,43.4,1.3,4.1,32.7,1.8,2.7,65.7,2.2,2.7,4.9,1.7,0.9,1.9,0.4,3.5,25.5,0.0,0.0,3.0
Rayan Rupert,MEM,22,64,29,35,11.1,4.1,10.5,39.3,1.5,4.6,32.4,1.4,1.8,77.8,1.6,4.7,6.3,2.3,1.8,1.8,0.3,4.2,26.7,3.0,1.0,-10.7
Drake Powell,BKN,20,63,16,47,11.1,3.9,9.8,40.2,1.4,5.0,28.0,1.9,2.1,89.6,0.6,2.5,3.0,2.5,1.6,1.0,0.4,2.4,20.9,0.0,0.0,-12.2
Bobi Klintman,DET,23,12,8,4,11.1,4.5,13.6,33.3,2.0,6.6,30.8,0.0,1.5,0.0,2.5,7.1,9.6,3.0,3.0,1.5,0.0,5.5,28.6,0.0,0.0,-2.5
Jalen Slawson,IND,26,13,3,10,11.0,3.9,8.9,44.2,1.7,4.6,37.5,1.4,2.0,70.6,0.8,5.8,6.6,4.2,2.0,2.3,1.6,3.1,35.1,0.0,0.0,-3.0
Josh Oduro,NOP,25,3,1,2,11.0,4.8,7.5,64.7,0.0,0.9,0.0,1.3,2.6,50.0,4.8,5.3,10.1,1.8,0.9,0.0,0.0,6.2,24.9,1.0,0.0,0.4
Chaz Lanier,DET,24,34,28,6,11.0,3.8,12.2,31.5,2.6,9.2,28.4,0.7,0.8,83.3,1.1,2.1,3.2,2.3,0.4,1.0,0.0,1.6,20.8,0.0,0.0,0.8
Draymond Green,GSW,36,68,31,37,11.0,3.9,9.5,41.8,1.9,6.0,32.6,1.1,1.6,70.2,1.1,6.2,7.2,7.2,3.5,1.2,0.8,3.8,33.0,2.0,0.0,-2.6
Clint Capela,HOU,32,75,47,28,11.0,4.6,8.8,52.0,0.0,0.1,50.0,1.8,3.0,57.7,6.2,7.2,13.4,1.9,1.6,1.4,2.5,2.9,39.9,1.0,0.0,6.3
Stanley Umude,SAS,27,2,2,0,11.0,5.5,11.0,50.0,0.0,5.5,0.0,0.0,0.0,0.0,0.0,0.0,0.0,5.5,0.0,5.5,0.0,11.0,35.6,0.0,0.0,-93.2
Isaiah Crawford,HOU,24,14,8,6,10.9,3.9,9.4,41.7,1.2,5.1,23.1,2.0,2.3,83.3,1.2,5.1,6.3,2.0,1.6,0.8,1.2,1.6,25.7,0.0,0.0,-3.5
Amir Coffey,PHX,28,46,20,26,10.9,4.0,8.3,48.7,1.2,3.6,34.7,1.6,2.1,78.6,1.4,2.8,4.2,2.0,0.7,0.7,0.4,2.2,21.4,0.0,0.0,-2.3
Zeke Nnaji,DEN,25,52,38,14,10.9,4.1,8.7,47.0,0.8,3.1,25.9,2.0,2.5,77.3,1.9,5.9,7.8,1.7,1.6,1.0,1.4,4.1,28.3,2.0,0.0,-6.3
Moussa Diabaté,CHA,24,73,40,33,10.9,4.3,6.9,63.1,0.0,0.0,50.0,2.2,3.3,65.9,5.2,6.9,12.0,2.7,1.4,1.1,1.4,3.3,35.3,20.0,0.0,6.5
Jordan Walsh,BOS,22,68,46,22,10.8,4.0,7.9,50.9,1.4,3.7,38.4,1.3,1.7,77.2,2.5,5.6,8.1,1.6,1.0,1.5,0.9,4.1,29.0,2.0,0.0,2.8
Ryan Dunn,PHX,23,70,40,30,10.8,4.4,9.6,45.3,1.5,4.5,33.1,0.6,1.2,48.9,2.6,5.3,7.9,2.7,1.5,1.6,0.8,3.5,29.9,2.0,0.0,0.1
Malevy Leons,GSW,26,25,7,18,10.8,4.2,9.4,44.4,0.5,2.1,25.0,2.0,2.5,78.9,3.9,3.0,6.9,3.0,1.7,1.8,1.2,4.0,30.9,0.0,0.0,-9.8
Noah Penda,ORL,21,59,30,29,10.8,3.9,9.7,40.4,1.4,4.4,32.3,1.6,2.3,68.8,3.2,5.7,8.9,3.3,2.0,1.4,0.9,3.3,31.3,2.0,0.0,-2.6
Baylor Scheierman,BOS,25,77,54,23,10.8,3.8,8.4,45.3,2.4,6.1,39.9,0.7,0.8,90.3,1.4,5.3,6.8,2.9,1.2,1.1,0.2,2.7,25.7,4.0,0.0,5.0
Terance Mann,BKN,29,63,15,48,10.7,4.0,8.7,45.7,1.3,3.6,36.4,1.5,1.9,78.8,1.6,3.1,4.7,4.5,1.7,1.0,0.4,3.6,25.4,0.0,0.0,-6.3
CJ Huntley,PHX,24,4,3,1,10.7,5.3,9.8,54.5,0.0,2.7,0.0,0.0,0.0,0.0,1.8,2.7,4.5,1.8,0.0,0.9,0.0,1.8,21.4,0.0,0.0,13.4
Yuki Kawamura,CHI,25,18,6,12,10.7,2.9,9.0,32.7,1.9,6.4,29.7,2.9,3.3,89.5,1.2,4.5,5.7,8.1,2.4,1.6,0.0,2.6,31.9,0.0,0.0,-0.5
Jamal Shead,TOR,23,82,46,36,10.6,3.6,9.8,36.7,1.6,5.1,32.1,1.8,2.3,78.4,0.5,2.3,2.8,8.6,2.2,1.5,0.3,3.1,30.0,2.0,0.0,4.5
Oso Ighodaro,PHX,23,82,45,37,10.6,4.8,7.3,65.3,0.0,0.0,0.0,1.1,2.3,45.3,2.7,5.6,8.3,3.7,2.0,1.5,1.1,4.3,31.8,4.0,0.0,3.2
Colby Jones,DET,24,1,0,1,10.6,5.3,15.8,33.3,0.0,10.6,0.0,0.0,0.0,0.0,0.0,21.1,21.1,10.6,0.0,0.0,0.0,5.3,51.8,0.0,0.0,63.4
Vladislav Goldin,MIA,25,9,5,4,10.5,4.5,6.0,75.0,0.0,0.0,0.0,1.5,1.5,100,4.5,9.0,13.5,4.5,4.5,0.0,4.5,7.5,42.5,0.0,0.0,7.5
Larry Nance Jr.,CLE,33,35,25,10,10.5,4.2,9.9,41.9,1.7,5.1,33.3,0.5,1.0,46.2,2.3,5.1,7.5,2.7,1.6,1.7,0.5,4.4,28.4,0.0,0.0,-1.4
Yves Missi,NOP,22,66,19,47,10.5,4.4,8.2,54.4,0.0,0.0,0.0,1.6,2.8,55.9,5.1,5.6,10.7,2.3,1.5,0.6,2.8,3.1,35.4,5.0,0.0,-1.1
Mouhamed Gueye,ATL,23,77,44,33,10.4,4.0,8.9,45.2,1.2,4.0,30.8,1.2,1.9,64.5,2.7,5.7,8.4,2.1,1.0,1.9,1.2,3.9,31.8,3.0,0.0,1.3
Mitchell Robinson,NYK,28,60,40,20,10.4,4.6,6.3,72.3,0.0,0.0,0.0,1.3,3.2,40.8,7.7,8.4,16.1,1.6,1.3,1.7,2.1,3.9,42.5,6.0,0.0,4.8
Micah Peavy,NOP,24,61,17,44,10.3,4.2,10.8,38.5,1.1,4.3,25.9,0.9,1.1,75.9,1.8,2.8,4.6,2.4,0.8,1.7,0.4,3.8,24.8,0.0,0.0,-4.1
Jahmai Mashack,MEM,23,31,10,21,10.3,4.1,10.4,39.5,1.0,4.0,25.3,1.0,1.9,54.3,1.2,3.1,4.3,3.7,2.6,2.0,0.7,3.6,26.6,2.0,1.0,-11.2
Lawson Lovering,MEM,23,2,1,1,10.2,4.4,7.3,60.0,0.0,0.0,0.0,1.5,3.7,40.0,4.4,6.6,11.0,2.2,1.5,2.2,0.7,5.1,34.0,1.0,0.0,0.7
Hunter Tyson,DEN,25,21,15,6,10.2,3.1,11.6,26.9,1.6,7.3,21.2,2.4,2.9,84.6,0.9,7.1,8.0,3.8,1.1,0.4,0.2,2.9,26.4,0.0,0.0,-5.3
Hunter Dickinson,NOP,25,5,1,4,10.2,4.2,11.9,35.7,0.0,3.4,0.0,1.7,1.7,100,1.7,2.5,4.2,1.7,2.5,0.8,1.7,5.1,22.9,0.0,0.0,-31.4
Orlando Robinson,ORL,25,4,2,2,10.2,4.4,7.3,60.0,1.5,2.9,50.0,0.0,0.0,0.0,2.9,2.9,5.8,4.4,0.0,1.5,0.0,4.4,28.0,0.0,0.0,-16.0
Jeremiah Robinson-Earl,DAL,25,22,8,14,10.1,3.7,10.0,37.0,1.0,4.1,24.4,1.7,1.8,94.4,3.6,6.7,10.3,1.5,1.2,0.9,0.1,2.6,26.5,0.0,0.0,-8.6
Johnny Furphy,IND,21,35,10,25,10.1,3.9,8.3,47.0,1.3,4.0,32.4,1.0,2.0,48.6,1.8,6.8,8.6,2.3,1.6,1.1,0.4,3.6,26.7,1.0,0.0,-3.2
Adem Bona,PHI,23,71,41,30,10.0,3.8,6.4,59.5,0.1,0.2,33.3,2.3,3.3,70.8,3.7,5.2,9.0,0.9,1.6,0.9,2.4,4.5,30.3,1.0,0.0,-0.2
Monte Morris,IND,30,6,0,6,10.0,3.9,11.1,35.0,1.1,4.5,25.0,1.1,2.2,50.0,0.6,3.3,3.9,5.0,1.1,0.6,0.6,1.7,24.5,0.0,0.0,-16.2
Andre Jackson Jr.,MIL,24,48,12,36,10.0,3.4,10.5,32.8,1.3,5.3,25.0,1.8,2.8,62.5,2.2,4.1,6.4,3.8,2.7,1.7,0.4,3.8,26.6,0.0,0.0,-6.3
Toby Okani,MEM,24,6,0,6,9.9,4.1,11.6,35.7,1.5,5.1,29.0,0.2,1.3,12.5,1.5,2.0,3.5,1.0,0.5,0.7,0.5,3.3,18.6,0.0,0.0,-22.7
Josh Green,CHA,25,58,37,21,9.9,3.3,7.2,45.9,2.3,5.5,42.0,1.0,1.1,89.3,1.8,2.3,4.0,1.9,1.4,1.4,0.2,2.5,21.0,0.0,0.0,8.2
Hunter Sallis,PHI,23,7,3,4,9.8,4.2,7.0,60.0,0.0,0.0,0.0,1.4,2.8,50.0,0.0,1.4,1.4,5.6,7.0,0.0,1.4,2.8,17.1,0.0,0.0,-18.2
Luke Travers,CLE,24,12,6,6,9.8,3.1,12.6,25.0,0.3,5.6,6.3,3.1,3.1,100,3.1,5.2,8.4,3.1,1.0,2.4,1.4,2.1,35.0,0.0,0.0,-11.2
Joe Ingles,MIN,38,27,13,14,9.7,3.8,6.4,59.3,1.7,3.8,43.8,0.5,0.5,100,0.0,4.5,4.5,8.0,3.3,2.1,0.5,2.1,31.5,1.0,0.0,-1.9
Kris Dunn,LAC,32,82,42,40,9.6,3.7,7.7,47.6,1.3,3.5,37.4,1.0,1.3,76.5,0.9,3.4,4.4,4.8,1.8,2.1,0.2,3.1,27.2,0.0,0.0,0.2
Sidy Cissoko,POR,22,75,39,36,9.6,3.3,8.4,39.8,1.5,5.0,29.8,1.5,2.2,65.9,1.6,2.6,4.2,2.8,1.8,1.3,0.6,4.6,22.8,0.0,0.0,-1.5
Hugo González,BOS,20,74,51,23,9.6,3.9,8.2,47.6,1.4,3.9,36.2,0.4,0.9,50.0,2.1,6.1,8.2,1.3,1.3,1.4,0.7,4.1,26.4,2.0,0.0,8.2
DeAndre Jordan,NOP,37,12,6,6,9.6,3.8,5.8,65.6,0.0,0.0,0.0,2.0,3.1,64.7,4.7,9.1,13.8,2.0,1.6,0.7,1.8,2.9,35.1,0.0,0.0,-0.2
Caleb Martin,DAL,30,58,20,38,9.5,3.6,7.9,45.0,0.8,2.4,35.1,1.6,2.6,60.7,1.2,4.8,6.0,3.4,1.7,1.7,0.6,3.6,27.1,0.0,0.0,-8.2
Trevon Scott,BKN,29,6,2,4,9.5,3.8,9.9,38.0,1.2,3.8,31.6,0.8,1.2,66.7,2.0,4.1,6.1,2.0,0.8,1.6,1.0,2.4,26.7,0.0,0.0,-12.8
Kam Jones,IND,24,37,6,31,9.5,4.0,9.9,40.2,1.3,4.4,29.3,0.2,0.5,50.0,0.9,2.6,3.5,7.0,2.1,1.1,0.0,2.3,25.1,1.0,0.0,-8.4
Gabe Vincent,ATL,29,53,36,17,9.5,3.1,8.8,35.2,2.4,7.1,34.1,0.8,0.9,87.0,0.7,1.5,2.2,3.1,1.1,1.1,0.1,3.2,19.4,0.0,0.0,1.6
Dylan Cardwell,SAC,24,44,13,31,9.5,4.2,7.1,58.7,0.1,0.2,50.0,1.0,2.0,51.0,5.8,7.3,13.2,2.5,1.5,1.2,2.7,6.4,39.0,3.0,0.0,-2.6
Josh Okogie,HOU,27,78,49,29,9.4,3.3,7.8,42.5,1.6,4.3,38.5,1.1,1.8,59.4,2.2,3.2,5.3,1.8,1.1,1.7,0.4,2.8,23.7,1.0,0.0,1.8
Dereck Lively II,DAL,22,7,3,4,9.4,3.4,5.6,61.1,0.0,0.0,0.0,2.5,3.1,80.0,4.4,7.2,11.6,4.1,3.1,1.2,3.4,6.6,40.3,0.0,0.0,4.4
Dean Wade,CLE,29,59,36,23,9.3,3.3,7.6,43.9,1.9,5.4,36.2,0.7,1.0,71.1,1.4,5.3,6.7,2.4,0.4,1.2,0.6,2.5,26.1,1.0,0.0,4.1
Lachlan Olbrich,CHI,22,37,9,28,9.3,3.8,8.1,46.8,0.2,2.0,10.5,1.6,4.2,37.5,4.7,7.0,11.7,4.4,1.7,1.3,0.8,5.1,34.6,1.0,1.0,2.6
Jonathan Isaac,ORL,28,52,29,23,9.3,3.2,7.5,42.2,0.5,2.6,18.4,2.4,4.0,60.3,3.0,6.2,9.1,1.5,1.2,1.4,2.1,2.8,31.8,0.0,0.0,-2.4
Steven Adams,HOU,32,32,21,11,9.2,3.5,6.9,50.4,0.0,0.0,0.0,2.3,4.0,58.0,7.1,6.5,13.6,2.4,1.7,1.1,1.0,2.7,33.6,3.0,0.0,9.6
Jarred Vanderbilt,LAL,27,65,39,26,9.2,3.6,7.7,47.1,0.9,3.2,29.3,1.1,1.8,58.9,2.6,6.8,9.3,2.7,1.8,1.8,0.6,3.3,29.7,1.0,0.0,0.2
Jericho Sims,MIL,27,67,25,42,9.1,4.0,5.1,78.4,0.0,0.0,0.0,1.2,1.9,62.0,4.0,6.1,10.1,2.8,2.0,0.5,0.5,4.0,26.4,6.0,1.0,-7.4
Isaac Jones,DET,25,7,5,2,9.1,3.0,7.1,42.9,0.0,2.0,0.0,3.0,4.0,75.0,2.0,3.0,5.0,1.0,1.0,0.0,1.0,4.0,18.7,0.0,0.0,-26.2
Craig Porter Jr.,CLE,26,64,43,21,9.1,3.6,8.1,45.0,1.0,2.9,35.5,0.8,1.3,60.0,2.7,4.2,6.9,6.4,1.9,1.8,1.2,2.2,34.1,0.0,0.0,3.2
Spencer Jones,DEN,24,64,41,23,8.9,3.4,6.7,50.4,1.4,3.7,39.6,0.8,1.3,60.8,1.9,3.4,5.3,1.3,0.8,1.3,0.7,4.4,22.6,1.0,0.0,0.0
Kris Murray,POR,25,57,28,29,8.9,3.5,7.5,46.7,0.9,3.3,27.9,1.1,1.5,68.4,2.4,3.1,5.6,2.2,1.3,1.4,0.6,2.5,23.5,0.0,0.0,1.2
Bez Mbeng,UTA,23,15,2,13,8.9,3.7,7.3,50.0,0.4,2.3,19.4,1.2,1.8,64.0,1.3,2.9,4.2,4.5,1.6,2.5,0.4,3.4,27.7,1.0,1.0,-10.9
Mike Conley,MIN,38,54,33,21,8.9,2.6,7.8,33.5,2.0,6.0,33.7,1.6,1.8,90.0,0.7,2.7,3.4,5.7,1.2,1.3,0.5,3.1,25.6,0.0,0.0,0.5
Javonte Cooke,POR,26,19,6,13,8.8,3.5,15.8,22.0,1.2,8.8,13.0,0.8,0.8,100,1.5,5.8,7.3,2.7,3.5,2.3,0.0,2.3,25.1,0.0,0.0,-22.7
Jonathan Mogbo,TOR,24,40,20,20,8.8,3.8,6.4,59.1,0.0,0.1,0.0,1.3,2.0,64.3,2.7,7.1,9.8,3.6,2.0,1.6,1.2,3.8,32.3,0.0,0.0,-7.7
Leaky Black,WAS,26,15,1,14,8.8,3.3,8.6,38.8,1.6,4.6,34.5,0.6,0.7,87.5,1.2,5.0,6.2,1.8,1.2,1.5,0.7,3.3,24.4,0.0,0.0,-8.5
Hayden Gray,UTA,23,1,0,1,8.7,2.9,4.4,66.7,0.0,1.5,0.0,2.9,2.9,100,0.0,0.0,0.0,1.5,1.5,1.5,1.5,0.0,18.2,0.0,0.0,-26.2
Xavier Tillman,CHA,27,30,21,9,8.6,3.9,9.0,43.5,0.6,3.5,16.7,0.2,0.8,25.0,3.7,4.7,8.4,2.5,1.6,1.8,1.0,2.9,29.2,0.0,0.0,-4.5
Sion James,CHA,23,82,44,38,8.6,2.7,7.3,37.1,1.6,4.6,35.2,1.6,1.9,83.7,1.0,4.6,5.6,3.2,1.3,1.0,0.4,2.9,23.1,0.0,0.0,1.3
TyTy Washington Jr.,LAC,24,16,8,8,8.6,3.7,7.8,47.4,1.2,3.3,37.5,0.0,0.0,0.0,0.4,2.0,2.5,6.9,1.2,2.5,1.2,2.9,31.7,0.0,0.0,-15.9
Ariel Hukporti,NYK,24,54,35,19,8.5,3.3,5.8,56.3,0.1,0.3,25.0,1.9,2.4,78.8,4.0,7.4,11.5,2.1,2.3,0.7,1.9,4.8,30.7,0.0,0.0,2.5
Colin Castleton,ORL,26,4,3,1,8.4,3.4,8.4,40.0,0.0,0.0,0.0,1.7,1.7,100,3.4,10.1,13.5,1.7,3.4,1.7,0.0,3.4,28.8,0.0,0.0,10.1
Isaiah Stevens,SAC,25,3,0,3,8.4,2.5,5.9,42.9,0.0,0.8,0.0,3.4,3.4,100,1.7,0.8,2.5,8.4,1.7,4.2,0.0,1.7,35.0,0.0,0.0,-7.6
Garrett Temple,TOR,40,22,10,12,8.4,2.0,7.4,26.7,1.5,5.9,25.0,3.0,4.4,66.7,0.5,3.9,4.4,4.4,3.5,2.0,1.0,3.0,25.8,0.0,0.0,-0.5
Dwight Powell,DAL,34,63,19,44,8.4,2.6,4.0,64.4,0.1,0.3,28.6,3.1,4.5,69.6,3.8,6.4,10.2,2.7,1.6,1.4,0.8,5.3,29.6,3.0,0.0,-0.4
Keshon Gilbert,ATL,22,4,0,4,8.3,2.4,5.9,41.7,0.0,1.5,0.0,3.4,3.4,100,1.0,1.5,2.4,5.9,3.9,1.5,2.0,2.4,26.3,0.0,0.0,-28.3
Dillon Jones,NYK,24,7,5,2,8.2,1.8,8.2,22.2,0.9,4.6,20.0,3.7,3.7,100,1.8,4.6,6.4,3.7,0.0,2.7,0.0,5.5,29.6,0.0,0.0,7.3
Mo Bamba,UTA,28,4,3,1,8.2,4.1,9.0,45.5,0.0,0.0,0.0,0.0,0.0,0.0,8.2,9.9,18.1,0.8,1.6,0.0,2.5,4.9,36.9,0.0,0.0,-10.7
Nicolas Batum,LAC,37,74,39,35,8.1,2.7,6.6,40.3,2.6,6.3,40.4,0.3,0.3,81.8,0.6,4.5,5.1,1.8,1.0,1.3,0.6,2.8,21.8,0.0,0.0,-0.4
Chris Boucher,BOS,33,9,4,5,8.0,3.1,9.6,32.0,0.8,5.7,13.3,1.1,1.5,75.0,0.8,6.1,6.9,1.1,0.4,1.9,2.7,6.5,31.4,0.0,0.0,1.9
John Konchar,UTA,30,56,18,38,8.0,3.0,6.4,47.2,0.9,3.2,28.3,1.0,1.4,72.7,2.4,5.4,7.8,3.8,1.1,2.7,1.2,2.6,33.6,3.0,2.0,-4.7
James Wiseman,IND,25,4,0,4,8.0,3.7,6.2,60.0,0.0,0.0,0.0,0.6,1.2,50.0,3.1,1.8,4.9,1.8,3.1,0.0,0.6,6.2,15.5,0.0,0.0,-5.5
Lonzo Ball,CLE,28,35,19,16,7.9,2.6,8.7,30.1,2.0,7.3,27.2,0.7,1.0,66.7,1.3,5.6,6.9,6.7,2.6,2.2,0.4,2.3,31.8,0.0,0.0,1.6
Chris Paul,LAC,41,16,4,12,7.4,2.8,8.9,32.1,1.6,4.7,33.3,0.2,0.3,50.0,0.9,3.5,4.4,8.4,2.5,1.7,0.0,3.6,28.0,0.0,0.0,-13.3
Amari Williams,BOS,24,22,15,7,7.4,2.5,4.9,50.0,0.0,0.0,0.0,2.5,3.5,71.4,2.2,7.7,9.9,2.5,2.7,0.7,2.5,4.7,29.9,0.0,0.0,-14.3
Christian Koloko,ATL,25,27,16,11,7.4,3.1,7.5,41.9,0.1,0.9,11.1,1.0,1.5,66.7,3.1,5.0,8.2,1.8,1.6,1.4,2.3,4.8,29.5,0.0,0.0,-1.3
Tyus Jones,DEN,30,67,37,30,7.3,2.8,8.0,34.9,1.5,5.0,29.2,0.3,0.3,77.8,0.4,2.4,2.8,5.8,0.9,1.4,0.1,1.1,22.9,0.0,0.0,-4.0
Dorian Finney-Smith,HOU,33,37,23,14,7.1,2.6,7.7,33.3,1.6,5.8,27.0,0.5,0.5,88.9,2.0,3.4,5.4,2.1,1.3,0.9,0.3,3.5,19.3,0.0,0.0,0.9
Brooks Barnhizer,OKC,24,40,29,11,7.0,2.8,7.3,38.0,0.7,2.5,29.2,0.7,1.0,70.0,2.0,6.1,8.1,2.3,1.0,1.1,0.5,2.8,24.1,0.0,0.0,-10.7
Dalano Banton,BOS,26,6,4,2,7.0,2.3,7.0,33.3,0.0,0.6,0.0,2.3,2.3,100,1.2,1.8,2.9,6.4,4.7,1.2,2.9,1.8,27.7,0.0,0.0,-5.3
N'Faly Dante,ATL,24,4,3,1,7.0,2.3,9.3,25.0,0.0,0.0,0.0,2.3,2.3,100,7.0,9.3,16.3,0.0,2.3,4.7,0.0,2.3,38.3,0.0,0.0,23.4
Gary Harris,MIL,31,48,15,33,7.0,2.5,5.7,44.2,1.5,3.7,41.2,0.4,0.5,88.9,0.9,2.5,3.3,2.8,1.0,1.5,0.5,2.9,20.0,0.0,0.0,-7.2
Max Shulga,BOS,23,11,8,3,6.9,2.0,7.9,25.0,1.0,4.0,25.0,2.0,2.0,100,3.0,3.0,6.0,2.0,3.0,1.0,0.0,9.9,17.1,0.0,0.0,-8.9
Kevon Looney,NOP,30,21,3,18,6.9,2.9,7.0,41.7,0.2,1.5,15.4,0.8,1.2,70.0,5.6,8.2,13.8,4.0,1.1,1.1,1.2,4.0,35.1,0.0,0.0,-7.4
Isaiah Livers,PHX,27,36,21,15,6.7,2.3,6.6,34.4,1.2,4.1,30.0,0.9,1.2,75.0,2.0,4.4,6.3,2.2,1.2,1.3,0.8,2.9,22.9,0.0,0.0,1.1
Maxi Kleber,LAL,34,43,20,23,6.7,2.6,5.7,45.2,0.5,2.0,23.1,1.1,2.0,53.8,2.8,3.7,6.6,2.1,1.3,1.4,0.9,4.7,23.2,0.0,0.0,4.3
Johni Broome,PHI,23,11,5,6,6.6,2.6,15.8,16.7,0.0,3.3,0.0,1.3,3.9,33.3,4.6,5.9,10.5,2.6,2.0,2.0,1.3,4.6,31.0,0.0,0.0,-11.8
Mason Plumlee,SAS,36,20,10,10,6.5,2.3,2.9,78.6,0.0,0.0,0.0,1.9,2.9,64.3,3.6,7.6,11.1,4.2,2.5,2.1,0.0,3.6,29.9,0.0,0.0,-1.7
Nigel Hayes-Davis,PHX,31,27,15,12,6.3,2.8,8.5,32.6,0.4,3.0,12.5,0.4,0.7,50.0,2.2,3.9,6.1,1.3,1.5,1.5,0.4,3.0,19.6,0.0,0.0,-13.3
Wendell Moore Jr.,DET,24,6,5,1,6.0,2.4,4.2,57.1,0.0,0.6,0.0,1.2,1.2,100,0.6,3.0,3.6,2.4,0.6,1.2,1.2,1.8,20.7,0.0,0.0,25.4
Bismack Biyombo,SAS,33,25,20,5,5.9,2.3,3.8,60.0,0.0,0.0,0.0,1.3,1.8,71.4,1.3,5.3,6.6,1.3,2.0,1.0,0.5,6.9,18.3,0.0,0.0,-25.5
Trey Jemison III,NYK,26,13,10,3,5.7,2.6,4.4,60.0,0.0,0.0,0.0,0.4,0.4,100,3.5,4.4,7.9,2.2,4.4,0.4,0.9,4.9,18.1,0.0,0.0,-12.8
Andersson Garcia,UTA,25,5,1,4,5.5,1.9,6.2,31.0,0.2,2.8,7.7,1.5,1.9,77.8,3.6,5.3,9.0,3.0,1.5,1.7,0.9,3.4,27.0,0.0,0.0,-7.9
Chris Mañon,LAL,24,9,4,5,5.5,1.6,4.7,33.3,0.0,2.3,0.0,2.3,3.1,75.0,1.6,6.2,7.8,2.3,0.8,3.9,1.6,4.7,34.0,0.0,0.0,-0.8
Kyle Lowry,PHI,40,14,9,5,5.2,1.2,7.6,16.0,1.2,7.6,16.0,1.5,1.8,83.3,0.0,2.7,2.7,3.4,1.2,0.6,0.6,2.4,16.0,0.0,0.0,-11.9
Cody Martin,IND,30,4,0,4,4.6,1.3,6.5,20.0,0.0,3.3,0.0,2.0,3.9,50.0,0.7,8.5,9.1,1.3,2.6,2.6,1.3,3.3,26.6,0.0,0.0,-18.3
Dario Saric,SAC,32,5,1,4,4.4,0.9,5.2,16.7,0.9,2.6,33.3,1.7,1.7,100,0.9,4.4,5.2,1.7,1.7,0.0,0.0,2.6,11.5,0.0,0.0,0.0
Markelle Fultz,TOR,28,5,3,2,4.0,2.0,11.1,18.2,0.0,0.0,0.0,0.0,0.0,0.0,0.0,1.0,1.0,8.1,4.0,2.0,0.0,2.0,19.3,0.0,0.0,-36.2
Drew Peterson,CHA,26,6,1,5,2.8,1.1,9.0,12.5,0.0,6.7,0.0,0.6,1.1,50.0,1.7,3.4,5.0,1.1,0.0,1.7,0.6,1.7,17.3,0.0,0.0,-5.6
Jahmyl Telfort,LAC,25,8,2,6,1.1,0.0,4.5,0.0,0.0,4.5,0.0,1.1,4.5,25.0,0.0,3.4,3.4,1.1,1.1,1.1,0.0,5.6,9.1,0.0,0.0,-7.9
Chucky Hepburn,TOR,23,2,0,2,0.0,0.0,16.3,0.0,0.0,13.6,0.0,0.0,0.0,0.0,0.0,2.7,2.7,5.4,2.7,2.7,0.0,5.4,16.9,0.0,0.0,-43.5
Darius Brown,CLE,26,1,1,0,0.0,0.0,13.5,0.0,0.0,0.0,0.0,0.0,0.0,0.0,0.0,13.5,13.5,0.0,0.0,0.0,0.0,0.0,16.2,0.0,0.0,-54.0
Noa Essengue,CHI,19,2,1,1,0.0,0.0,17.9,0.0,0.0,11.9,0.0,0.0,0.0,0.0,0.0,0.0,0.0,0.0,0.0,6.0,0.0,6.0,17.9,0.0,0.0,-89.5
Tosan Evbuomwan,CHA,25,5,4,1,0.0,0.0,4.7,0.0,0.0,0.0,0.0,0.0,0.0,0.0,4.7,4.7,9.3,0.0,0.0,0.0,0.0,4.7,11.2,0.0,0.0,-37.3
