Player,Posicao_Real,Centroide_euclidean,Centroide_manhattan,Centroide_minkowski,Centroide_chebyshev,Centroide_mahalanobis
Tristen Newton,SG,SF,SG,SF,PG,SF
Giannis Antetokounmpo,PF,C,C,SF,SF,SF
Shai Gilgeous-Alexander,PG,PG,PG,PG,PG,SF
Luka Dončić,PG,PG,PG,PG,PG,SF
Alex Antetokounmpo,SF,PF,PF,SF,PG,SF
Ty Jerome,SG,PG,PG,PG,PG,PG
Kawhi Leonard,SF,SF,SF,SF,PG,SF
Stephen Curry,PG,PG,PG,PG,PG,PG
Victor Wembanyama,C,C,C,C,C,C
Joel Embiid,C,C,C,C,SF,PF
Mark Sears,PG,PG,PG,PG,PG,SG
Jaylen Brown,SF,PG,SF,PG,PG,SF
Donovan Mitchell,SG,PG,PG,PG,PG,PG
Anthony Edwards,SG,SF,SG,PG,PG,SF
Nikola Jokić,C,C,C,C,SG,C
Lauri Markkanen,SF,SF,PF,SF,SF,PF
Devin Booker,SG,PG,PG,PG,PG,PG
Michael Porter Jr.,SF,SF,SF,SF,SF,SF
Jalen Brunson,SG,PG,PG,PG,PG,PG
Tyrese Maxey,PG,PG,PG,PG,PG,PG
Norman Powell,SF,SG,SG,SF,PG,SG
Deni Avdija,SF,PG,SF,PG,PG,PG
Pascal Siakam,PF,SF,SF,SF,SF,PF
Trentyn Flowers,SF,PG,PG,PG,PG,SF
Jamal Murray,PG,PG,PG,PG,PG,PG
Norchad Omier,PF,C,SF,C,C,SF
LaMelo Ball,PG,PG,PG,PG,PG,PG
Keyonte George,PG,PG,PG,PG,PG,PG
Kevin Durant,PF,SF,PF,SF,SF,PF
Shaedon Sharpe,SG,PG,SG,PG,PG,SF
Zion Williamson,PF,PF,SF,C,C,PF
Cade Cunningham,SG,PG,PG,PG,PG,PG
Trae Young,PG,PG,PG,PG,PG,PG
Coby White,PG,PG,PG,PG,PG,PG
Kristaps Porziņģis,PF,PF,PF,C,PF,PF
Jalen Duren,C,C,C,C,C,C
Franz Wagner,SF,SF,SF,SF,SF,SF
Jalen Green,SG,PG,PG,PG,PG,SG
Ja Morant,PG,PG,PG,PG,PG,PG
James Harden,PG,PG,PG,PG,PG,PG
Austin Reaves,SG,PG,PG,PG,PG,PG
Jayson Tatum,SF,SF,PG,SF,C,SF
Brandon Miller,SF,SF,SF,PG,PG,SF
Dillon Brooks,SF,SF,SF,SF,SG,SF
Obi Toppin,PF,SF,SF,SF,PF,SF
Tristan Vukcevic,C,PF,PF,PF,PF,SF
Tyler Herro,SG,PG,SG,PG,SF,SG
Jonas Valančiūnas,C,C,C,C,C,C
Collin Sexton,SG,PG,PG,PG,PG,SG
Anthony Davis,C,C,C,C,PF,C
Karl-Anthony Towns,C,C,C,C,C,C
Cam Thomas,SG,PG,PG,PG,PG,SG
Jimmy Butler III,SF,SF,SF,SF,SF,PF
Jalen Johnson,PF,PG,SF,PG,SF,PG
Jaren Jackson Jr.,PF,PF,PF,PF,SF,PF
Paolo Banchero,PF,PF,PF,PF,PF,PF
Julius Randle,PF,SF,PF,SF,PF,PF
RJ Barrett,SF,SF,SF,SF,SF,SF
Brandon Ingram,SF,SF,SF,SF,SF,SF
Brice Sensabaugh,SF,SF,SF,SF,SF,SF
LeBron James,C,SF,SF,SF,SG,PF
CJ McCollum,PG,PG,PG,PG,PG,SG
Darius Garland,PG,PG,PG,PG,PG,PG
Cooper Flagg,SF,SF,SF,SF,SF,SF
Jerami Grant,PF,SF,SF,SF,SF,SF
Nickeil Alexander-Walker,SG,SG,SG,SG,SF,SG
Bam Adebayo,C,PF,PF,C,PF,C
Alperen Sengun,C,C,C,C,SF,C
Zach LaVine,SG,SG,SG,SG,SF,SG
Trey Murphy III,SF,SF,SF,SF,SF,SF
Riley Minix,SF,SF,SF,SF,SF,SF
Jalen Williams,SG,PG,PG,PG,PG,PG
Dejounte Murray,PG,PG,PG,PG,PG,PG
Alex Sarr,C,C,C,C,C,C
De'Aaron Fox,PG,PG,PG,PG,PG,PG
Desmond Bane,SG,SF,SF,SF,SF,SF
Chet Holmgren,PF,C,C,C,C,SF
DeMar DeRozan,PF,SG,SG,SF,SF,PF
Brandon Williams,PG,PG,PG,PG,PG,PG
Kon Knueppel,SF,SF,SF,SF,SF,SF
Bennedict Mathurin,SG,SF,SG,SF,SF,SG
Blake Hinson,SF,SF,SF,SF,SF,SF
GG Jackson,PF,SF,SF,SF,SF,SF
Jaden Hardy,SG,SG,PG,SG,SG,SG
Cormac Ryan,SG,SG,SG,SG,SG,SG
Aaron Gordon,PF,SF,SF,SF,SF,PF
Moritz Wagner,C,PF,PF,PF,PF,PF
Grayson Allen,SG,PG,PG,PG,PG,SG
Anfernee Simons,SG,SG,SG,SG,SG,SG
Scoot Henderson,PG,PG,PG,PG,PG,PG
Evan Mobley,PF,C,C,C,C,PF
Malik Monk,SG,PG,PG,PG,PG,SG
Jarrett Allen,C,C,C,C,C,PF
Saddiq Bey,SF,SF,SF,SF,SF,SF
Keldon Johnson,SF,SF,SF,SF,SF,SF
Bobby Portis,C,PF,PF,PF,PF,PF
Paul George,PF,SF,SF,SF,SF,PF
Jordan Poole,SG,PG,PG,PG,PG,SG
Paul Reed,C,C,C,C,C,C
Matas Buzelis,PF,SF,SF,SF,PF,SF
Caleb Houstan,SF,SF,SF,SF,SG,SF
Stephon Castle,PG,PG,SF,PG,PG,PG
Jrue Holiday,PG,PG,PG,PG,PG,PG
Jeremiah Fears,PG,PG,PG,PG,PG,SG
Payton Sandfort,SF,SF,SF,SF,PF,SF
Miles Bridges,PF,SF,SF,SF,SF,PF
David Roddy,PF,PF,SF,PF,PF,C
T.J. McConnell,PG,PG,PG,PG,PG,PG
Cam Whitmore,SF,SF,SF,SF,SF,SF
Ayo Dosunmu,SG,SG,SG,SG,SF,SG
Jaime Jaquez Jr.,SF,SF,SF,SF,SG,PF
Klay Thompson,SG,SG,SG,SG,SG,SG
Andrew Nembhard,SG,PG,PG,PG,PG,PG
Scottie Barnes,PF,PF,PF,PF,SG,C
Zyon Pullin,SG,PG,PG,PG,PF,PG
Ryan Rollins,PG,PG,PG,PG,PG,PG
Olivier-Maxence Prosper,PF,SF,SF,SF,PF,SF
Scotty Pippen Jr.,PG,PG,PG,PG,PG,PG
Koby Brea,SG,SG,SG,SG,SF,SG
Dariq Whitehead,SF,SF,SF,SF,SG,SG
Trevor Keels,SG,SF,SF,SF,PG,SG
De'Anthony Melton,SG,PG,PG,PG,PG,SG
Domantas Sabonis,PF,C,C,C,C,C
Seth Curry,SG,SG,SG,SG,SG,SG
D'Angelo Russell,PG,PG,PG,PG,PG,PG
Josh Giddey,SF,PG,SF,PG,PG,PG
Nikola Vučević,C,C,PF,C,C,C
Zach Edey,C,C,C,C,C,C
Zach Collins,C,C,C,C,C,C
Cedric Coward,SG,SF,SF,SF,SF,SG
Jonathan Kuminga,SF,SF,SF,SF,PF,SF
Payton Pritchard,PG,PG,PG,PG,SG,PG
Ajay Mitchell,SG,PG,PG,PG,PG,SG
Kevin Porter Jr.,PG,PG,PG,PG,PG,PG
Russell Westbrook,PG,PG,PG,PG,PG,PG
De'Andre Hunter,SF,SF,SF,SF,SF,SF
Marvin Bagley III,PF,C,C,C,C,C
Dylan Harper,SG,PG,SF,PG,PG,PG
Tre Jones,PG,PG,PG,PG,PG,PG
Naz Reid,C,PF,PF,PF,C,C
Isaiah Joe,SG,SG,SG,SG,SG,SG
DaQuan Jeffries,SG,SF,SF,SG,SF,SG
Reed Sheppard,SG,PG,PG,PG,PG,SG
Naji Marshall,SF,SF,SF,SF,SF,SF
Chris Livingston,SF,SF,SF,SF,PF,SF
Immanuel Quickley,PG,PG,PG,PG,PG,PG
Bones Hyland,SG,PG,PG,PG,PG,PG
Kyshawn George,SF,PG,PG,SF,SG,SF
Sandro Mamukelashvili,PF,PF,PF,PF,PF,PF
Simone Fontecchio,SF,SF,SF,SF,SF,SF
Tre Johnson,SG,SG,SG,SG,SG,SG
Tim Hardaway Jr.,SG,SG,SG,SG,SF,SG
Andrew Wiggins,SF,SF,SF,SF,SF,SG
LJ Cryer,PG,SG,SG,SG,SG,SG
Thomas Bryant,C,C,C,C,C,C
Micah Potter,C,PF,PF,PF,PF,PF
OG Anunoby,SF,SF,SF,PF,PF,PF
Caleb Love,SG,SG,PG,SG,PG,SG
Santi Aldama,PF,PF,PF,PF,PF,PF
Leonard Miller,SF,PF,PF,PF,PF,SF
Anthony Black,PG,SG,SG,SG,SG,SF
John Collins,PF,PF,PF,PF,PF,SF
Ace Bailey,SF,SF,SF,SF,SF,SF
Jalen Suggs,PG,PG,PG,PG,PG,PG
Kel'el Ware,C,C,C,C,C,C
Quenton Jackson,PG,PG,PG,PG,PG,PG
Tyrese Proctor,PG,PG,PG,PG,PG,SG
Luka Garza,C,C,C,C,C,C
Charles Bassey,C,C,C,C,C,C
Tyson Etienne,PG,SG,SG,SG,PG,SG
Joan Beringer,PF,C,C,C,C,C
Kyle Kuzma,PF,SF,SF,SF,SF,SF
Branden Carlson,C,C,C,C,C,PF
Mac McClung,SG,SG,PG,SG,PG,SG
Mark Williams,C,C,C,SF,SF,C
Jalen Smith,PF,C,C,C,C,C
Peyton Watson,SG,SF,SF,SF,SF,SF
Nick Smith Jr.,SG,SG,SG,SG,SG,SG
Corey Kispert,SF,SF,SF,SF,PF,PF
Jaylon Tyson,SG,SF,SF,SF,SF,SF
Johnny Juzang,SG,SF,SF,SF,SF,SF
Onyeka Okongwu,C,PF,PF,PF,PF,PF
Amen Thompson,PG,SF,SF,SF,SF,SF
Kyle Filipowski,C,C,C,C,C,C
Keshad Johnson,SF,SF,SF,PF,PF,SF
Jordan Clarkson,SG,SG,SG,SG,SG,SG
Brandin Podziemski,SG,SG,SG,SG,SG,SG
Grant Nelson,PF,C,C,C,C,C
MarJon Beauchamp,SF,SF,SF,SF,SF,SF
Devin Carter,PG,PG,PG,PG,PG,PG
Derrick White,SG,PG,PG,SG,SG,PG
Sam Merrill,SG,SG,SG,SG,SG,SG
Jared McCain,SG,SG,SG,SG,SG,SG
Julian Strawther,SG,SG,SF,SG,SG,SF
Tobias Harris,PF,SF,SF,SF,SF,PF
Gary Payton II,SG,SF,SF,SF,SG,SG
Javon Small,PG,PG,PG,PG,PG,PG
Jock Landale,C,C,C,C,C,C
Buddy Hield,SG,SG,SG,SG,SG,SG
Sharife Cooper,PG,PG,PG,PG,PG,PG
Jaylen Wells,SG,SF,SG,SF,SF,SF
Jacob Toppin,SF,PF,SF,PF,C,PF
Moses Moody,SG,SG,SG,SG,SF,SG
Jaden Ivey,SG,SG,SG,SG,SG,SG
David Jones Garcia,SF,PG,PG,PG,PG,PG
Oscar Tshiebwe,C,C,C,C,C,C
Maxime Raynaud,C,C,C,C,C,PF
Derik Queen,C,C,C,C,C,C
Nate Williams,SG,SG,SG,SG,SG,SG
Will Riley,SF,SG,SG,SG,SG,SF
Jaden McDaniels,PF,SF,SF,SF,SF,SF
Ivica Zubac,C,C,C,C,C,C
Walker Kessler,C,C,C,C,SF,C
Day'Ron Sharpe,PF,C,C,C,C,C
Cam Spencer,SG,PG,PG,PG,PG,PG
Aaron Nesmith,SF,SF,SG,SF,SF,SG
Max Strus,SF,SF,SF,SF,PF,SG
Malaki Branham,SG,SG,SG,SG,SG,SG
Kennedy Chandler,PG,PG,PG,PG,PG,PG
Daniss Jenkins,PG,PG,PG,PG,PG,PG
Deandre Ayton,C,C,C,C,C,PF
VJ Edgecombe,SG,SG,SG,SG,SG,SG
P.J. Washington,C,PF,SF,PF,PF,SF
Quentin Grimes,SG,SG,SG,SG,SG,SG
Devin Vassell,SF,SG,SG,SG,SF,SG
Jay Huff,C,C,PF,C,C,PF
Miles McBride,PG,SG,SG,SG,SG,SG
Noah Clowney,PF,SF,SF,SF,PF,SF
Asa Newell,PF,PF,PF,PF,PF,SF
Emanuel Miller,PF,SG,SG,SG,SF,SF
John Poulakidas,SG,SG,SG,SF,SF,SG
Isaiah Collier,PG,PG,PG,PG,PG,PG
Jarace Walker,PF,SF,SF,SF,PF,PF
Jordan Miller,SF,SG,SG,SG,SF,SG
Jabari Smith Jr.,PF,PF,SF,PF,PF,PF
Terrence Shannon Jr.,SG,SG,SG,SG,SG,SF
Gui Santos,PF,SF,SF,SG,SG,SF
Kelly Oubre Jr.,SF,SF,SF,SF,SF,SF
Bilal Coulibaly,SG,SF,SG,SF,SF,SG
Eric Gordon,SG,SG,SF,SG,SG,SF
Kevin Huerter,SF,SG,SG,SG,SG,SG
Ziaire Williams,SF,SG,SG,SG,SF,SF
A.J. Lawson,SG,SG,SG,SG,SG,SF
Donovan Clingan,C,C,C,C,C,C
Dennis Schröder,PG,PG,PG,PG,PG,PG
Jayson Kent,SF,PF,PF,PF,SF,SG
Khris Middleton,SF,SF,SF,SF,SG,PF
Duncan Robinson,SG,SF,SF,SF,SF,SF
Cole Anthony,PG,PG,PG,PG,PG,PG
DaRon Holmes II,PF,PF,PF,PF,PF,PF
Collin Gillespie,PG,PG,PG,PG,PG,PG
Quinten Post,PF,PF,PF,PF,PF,PF
Myles Turner,C,PF,PF,C,C,PF
Jamal Cain,PF,SF,SF,SF,SG,SF
Isaiah Stewart,C,C,C,C,C,C
Mikal Bridges,SF,SG,SG,SG,SF,SG
Daniel Gafford,C,C,C,C,C,C
Josh Minott,SF,SF,PF,SF,SF,SF
Alondes Williams,SG,PF,SF,PF,PF,SG
Cameron Payne,PG,PG,PG,SG,SG,PG
Tre Mann,PG,PG,PG,PG,PG,SG
Tristan Enaruna,SF,SF,SF,SF,SF,SF
Justin Champagnie,SF,PF,SF,PF,PF,SG
Jett Howard,SF,SF,SF,SF,SF,PF
Pelle Larsson,SG,SG,SG,SG,SG,SG
Aaron Wiggins,SG,SG,SG,SG,SG,SG
Marcus Sasser,PG,PG,PG,PG,PG,PG
Jahmir Young,PG,PG,PG,PG,PG,PG
Jakob Poeltl,C,C,C,C,C,PF
Danny Wolf,PF,PF,PF,PF,PF,PF
Gradey Dick,SG,SG,SG,SG,SF,SF
Zaccharie Risacher,SF,SF,SF,SF,SF,SF
Nikola Jović,PF,SF,PF,SF,PF,PF
Trey Alexander,SG,SG,SG,SG,SG,SF
Kenrich Williams,SF,SF,SF,SF,SF,SF
Nic Claxton,C,C,C,PF,PF,PF
Precious Achiuwa,C,C,C,C,C,C
Rob Dillingham,PG,PG,PG,PG,PG,PG
Harrison Ingram,SF,SF,PF,SF,SF,SF
Max Christie,SG,SG,SG,SG,SG,SG
E.J. Liddell,PF,PF,PF,PF,PF,PF
Tyler Burton,SF,SF,SF,SF,SF,SF
Sean Pedulla,PG,PG,PG,SF,C,PG
Haywood Highsmith,SF,SF,SG,SF,SF,SF
Yanic Konan Niederhäuser,C,C,C,C,C,C
Ronald Holland II,SF,SF,SF,SF,SG,SF
Jusuf Nurkić,C,C,C,C,C,C
Dalton Knecht,SF,SF,SF,SF,PF,SF
Jaxson Hayes,C,C,C,SF,SF,C
Blake Wesley,SG,PG,PG,PG,PG,PG
Egor Dëmin,PG,SG,SG,SG,SF,SF
Jamaree Bouyea,PG,SG,SG,SG,SG,SG
Tolu Smith,PF,C,C,C,C,C
Daeqwon Plowden,SG,SG,SG,SG,SG,SG
Isaiah Jackson,C,C,C,C,C,C
Jase Richardson,SG,SG,SG,SG,SG,SG
Svi Mykhailiuk,SF,SG,SG,SG,SG,SF
Landry Shamet,SG,SG,SG,SG,SG,SG
Bradley Beal,SG,SG,SG,SG,SG,SG
Rui Hachimura,PF,SF,PF,SF,SF,PF
Tari Eason,PF,SF,SF,PF,PF,SF
Keegan Murray,SF,PF,PF,PF,PF,PF
Kevin Love,C,C,C,C,C,C
PJ Hall,C,C,C,C,PF,C
Wendell Carter Jr.,PF,C,PF,C,C,PF
Neemias Queta,C,C,C,C,C,C
Toumani Camara,PF,SF,SF,SF,SF,PF
Julian Champagnie,SF,SF,SF,SF,PF,SF
Nolan Traore,PG,PG,PG,PG,PG,PG
Tristan da Silva,SF,SF,SF,SF,SF,SF
Donte DiVincenzo,SG,SG,SG,SG,SG,SG
Cameron Johnson,PF,SF,SF,SF,SF,SF
Trendon Watford,SF,PF,PF,PF,PF,PF
Buddy Boeheim,SF,SG,SG,SF,C,SF
Chaney Johnson,SF,PF,PF,PF,PF,C
Aaron Holiday,PG,SG,SG,SG,SG,SG
Jalen Wilson,PF,SF,SF,SF,SF,SF
Antonio Reeves,SG,SF,SG,SF,C,SF
Garrison Mathews,SG,SG,SG,SG,SF,SG
Josh Hart,SG,SF,SF,SF,SF,PG
Myron Gardner,SF,PF,PF,PF,PF,C
Drew Eubanks,C,C,C,C,C,PF
Vít Krejčí,SG,SG,SG,SG,SF,SF
Justin Edwards,SF,SG,SG,SG,SG,SF
Nick Richards,C,C,C,C,C,C
Robert Williams III,C,C,C,C,C,C
Kentavious Caldwell-Pope,SG,SG,SG,SG,SG,SG
Javonte Green,SF,SG,SG,SG,SG,SG
Ousmane Dieng,PF,SF,SG,SF,SF,SF
Taylor Hendricks,PF,PF,PF,PF,PF,SF
Brandon Clarke,PF,PF,SF,PF,PF,SF
Drew Timme,PF,PF,PF,SF,SF,PF
Taurean Prince,PF,SG,SF,SG,SG,SG
Jevon Carter,PG,SG,SG,SG,PG,SG
Collin Murray-Boyles,PF,C,C,PF,PF,C
Luke Kennard,SG,SG,SG,SG,SF,SG
Mohamed Diawara,SF,SF,SF,SF,SF,PF
Brook Lopez,C,C,PF,C,C,PF
Jordan Goodwin,SG,SG,SG,SG,SG,SG
Ron Harper Jr.,PF,SF,SF,SF,SF,SG
Pat Spencer,PG,PG,PG,PG,PG,PG
Bub Carrington,PG,PG,PG,PG,PG,PG
Bryce McGowens,SG,SG,SG,SG,SF,SF
Karlo Matković,PF,C,C,C,C,C
Tidjane Salaün,PF,PF,PF,PF,PF,SF
Goga Bitadze,C,C,C,C,C,C
Harrison Barnes,PF,SF,SF,SF,SF,PF
Kobe Bufkin,SG,SG,SG,SG,SG,SG
Gary Trent Jr.,SG,SG,SG,SG,SG,SG
Al Horford,C,PF,PF,PF,PF,C
Caris LeVert,SG,SG,SG,SG,SF,PF
Rocco Zikarsky,C,C,C,C,C,C
Chris Youngblood,SG,SG,SG,SG,SF,SG
Julian Reese,PF,C,C,C,C,C
Jeff Green,PF,SF,SF,SF,SF,PF
Walter Clayton Jr.,PG,PG,PG,PG,PG,PG
DeJon Jarreau,SG,PG,PG,PG,PG,PG
Ausar Thompson,SF,PF,PF,SF,PG,SF
Isaiah Hartenstein,C,C,C,C,C,C
Bogdan Bogdanović,SG,SG,SG,SG,SF,SG
Tyler Kolek,PG,PG,PG,PG,PG,PG
Christian Braun,SG,SF,SF,SF,SF,PF
Kadary Richmond,SG,SG,SG,SG,PG,SG
Derrick Jones Jr.,PF,SF,SF,SF,SF,SG
Tyrese Martin,SG,SG,SG,SG,SG,SF
Doug McDermott,PF,SG,SG,SF,SF,PF
Jordan Hawkins,SG,SG,SG,SG,SG,SG
Nae'Qwan Tomlin,PF,PF,PF,PF,PF,SF
Jose Alvarado,PG,PG,PG,PG,PG,PG
Sam Hauser,SF,SF,SF,SF,SF,SF
Jamison Battle,SF,SF,SF,SF,PF,SF
Pat Connaughton,SF,SF,SF,SF,SF,SF
Guerschon Yabusele,C,PF,PF,PF,C,PF
Kelly Olynyk,C,PF,PF,PF,PF,PF
Jaylin Williams,C,PF,PF,PF,PF,PF
Ja'Kobe Walter,SG,SG,SG,SG,SG,SG
Kobe Brown,PF,PF,PF,PF,PF,PF
Kobe Sanders,SG,SG,SG,SF,SF,SF
Vince Williams Jr.,SG,PG,PG,PG,PG,PG
Trayce Jackson-Davis,C,C,C,SF,SF,C
Carter Bryant,PF,PF,PF,PF,PF,SG
Duop Reath,C,PF,PF,PF,PF,PF
Matisse Thybulle,SG,SG,SG,SG,PG,SG
Jabari Walker,PF,PF,PF,PF,PF,PF
Ben Saraf,SG,PG,PG,PG,PG,PG
Cody Williams,SG,SG,SF,SG,SG,SF
Tony Bradley,C,C,C,C,C,C
Liam McNeeley,SF,SF,SF,PF,PF,SF
RayJ Dennis,PG,PG,PG,PG,PG,PG
John Tonje,SG,SG,SG,SG,SF,SG
Dyson Daniels,PG,SF,SF,SG,SG,PG
Jamir Watkins,SG,SF,SF,SF,SG,SF
AJ Green,SG,SG,SG,SG,SF,SG
Olivier Sarr,C,C,C,C,PF,C
Grant Williams,PF,PF,PF,PF,PF,PF
Pacôme Dadiet,SG,SF,SF,SF,SF,PF
Rasheer Fleming,PF,PF,PF,PF,PF,PF
KJ Simpson,PG,PG,PG,PG,PG,PG
AJ Johnson,SG,SG,SG,PG,PG,SG
Ryan Kalkbrenner,C,C,C,C,C,C
Mouhamadou Gueye,PF,PF,PF,PF,PF,PF
Taj Gibson,C,PF,PF,PF,PF,C
Alijah Martin,SG,SG,SG,SG,SG,SG
Enrique Freeman,PF,C,PF,C,C,C
Rudy Gobert,C,C,C,C,C,C
Taelon Peter,SG,SG,SG,SG,SG,SG
Kasparas Jakučionis,PG,SG,SG,SG,SG,PG
Keaton Wallace,PG,PG,PG,PG,PG,PG
Skal Labissiere,PF,C,PF,C,C,PF
Dru Smith,SG,SG,SG,PG,PG,PG
Royce O'Neale,SF,SF,SF,SF,SF,PF
Malachi Smith,SG,SG,SG,SG,SG,SG
Pete Nance,PF,PF,PF,PF,C,PF
Isaac Okoro,SF,SG,SG,SG,SG,SG
Adama Bal,SG,SG,SG,SG,SG,SF
Nique Clifford,SG,SG,SG,SG,SG,SG
Patrick Williams,PF,SF,SF,SF,SF,PF
Ethan Thompson,SG,SG,SG,SG,SG,SG
Alex Caruso,SG,SG,SG,SG,PG,SG
Alex Morales,PG,PG,PG,PG,PG,PG
Ryan Nembhard,PG,PG,PG,PG,PG,PG
Tyler Smith,PF,PF,PF,SF,SF,SF
Khaman Maluach,C,C,C,C,C,C
Anthony Gill,PF,PF,PF,PF,PF,PF
Jeremy Sochan,PF,PF,PF,PF,PF,PF
Lindy Waters III,SG,SG,SG,SG,SG,SG
Curtis Jones,SG,SG,SG,SG,SF,SG
Ben Sheppard,SG,SG,SG,SG,SG,SG
Julian Phillips,SF,SG,SG,SG,SF,SG
Andre Drummond,C,C,C,C,C,C
Marcus Smart,PG,SG,SG,SG,SG,SG
Omer Yurtseven,C,C,C,C,C,C
Davion Mitchell,PG,PG,PG,PG,PG,PG
Jake LaRavia,PF,PF,SF,PF,PF,PF
Elijah Harkless,SG,SG,SG,SG,SG,PG
Lucas Williamson,SG,SG,SG,SG,SG,SG
Cam Christie,SG,SG,SG,SG,SG,SG
Bronny James,SG,SG,PG,SG,PG,PG
Bruce Brown,SF,SG,SG,SG,SG,SG
Nikola Topić,PG,PG,PG,PG,PG,PG
Keon Ellis,SG,SG,SG,SG,SG,SG
Dominick Barlow,PF,PF,PF,PF,PF,PF
Ochai Agbaji,SG,SG,SG,SF,SF,SG
Kevin McCullar Jr.,SF,SF,SG,SF,PF,SF
Cason Wallace,SG,SG,SG,SG,PG,SG
Jalen Pickett,SG,SG,SG,SG,SG,PG
Patrick Baldwin Jr.,SF,PF,C,PF,PF,C
Miles Kelly,PG,SG,SG,SG,SG,SG
Moussa Cisse,C,C,C,C,C,C
Will Richard,SG,SG,SG,SG,SG,SG
Dalen Terry,SG,SF,SF,SF,SF,PF
Jae'Sean Tate,PF,PF,PF,SF,SF,SG
Thanasis Antetokounmpo,SF,PF,PF,PF,PG,PF
Yang Hansen,C,C,C,C,PF,C
Jordan McLaughlin,PG,PG,PG,PG,PG,PG
JD Davison,SG,SG,SG,SG,SG,PG
Adou Thiero,SF,PF,SF,PF,PF,SF
Killian Hayes,PG,PG,PG,PG,PG,PG
Herbert Jones,PF,SG,SG,SG,SG,SF
Kyle Anderson,PF,PF,PF,PF,SF,PF
Luguentz Dort,SG,SG,SG,SG,SG,SG
Luke Kornet,C,C,C,C,C,C
Jaylen Clark,SG,SG,SG,SG,SG,SG
Rayan Rupert,SG,SG,SF,SG,SG,SF
Drake Powell,SG,SG,SG,SG,SG,SG
Bobi Klintman,SF,PF,PF,PF,C,SF
Jalen Slawson,SF,PF,SF,PF,SF,PF
Josh Oduro,PF,C,C,C,PF,C
Chaz Lanier,SG,SG,SG,SG,SF,SG
Draymond Green,PF,PG,PF,PG,PG,PG
Clint Capela,C,C,C,C,C,C
Stanley Umude,SG,SG,SG,SG,PG,SF
Isaiah Crawford,SF,PF,PF,PF,PF,SG
Amir Coffey,SG,SF,SF,SF,PF,SF
Zeke Nnaji,PF,PF,PF,PF,PF,PF
Moussa Diabaté,C,C,C,C,C,C
Jordan Walsh,PF,PF,PF,PF,PF,SG
Ryan Dunn,SF,PF,SF,PF,PF,SF
Malevy Leons,SF,PF,PF,PF,PF,PF
Noah Penda,SF,PF,PF,PF,PF,SF
Baylor Scheierman,SG,SG,SF,SG,PF,SG
Terance Mann,SF,SG,SG,SG,PF,PF
CJ Huntley,SF,PF,PF,PF,C,PF
Yuki Kawamura,PG,PG,PG,PG,PG,PG
Jamal Shead,PG,PG,PG,PG,PG,PG
Oso Ighodaro,PF,C,C,C,C,PF
Colby Jones,SG,PF,SG,C,C,PG
Vladislav Goldin,C,C,C,C,C,C
Larry Nance Jr.,PF,PF,PF,PF,PF,PF
Yves Missi,C,C,C,C,C,C
Mouhamed Gueye,PF,PF,PF,PF,PF,PF
Mitchell Robinson,C,C,C,C,C,C
Micah Peavy,SG,SG,SF,SG,SG,PF
Jahmai Mashack,SG,SG,SG,SG,SF,SG
Lawson Lovering,C,C,C,C,C,PF
Hunter Tyson,PF,PF,SF,SF,SG,PF
Hunter Dickinson,C,PF,C,PF,PF,PF
Orlando Robinson,C,PF,PF,PF,C,PF
Jeremiah Robinson-Earl,C,PF,C,PF,PF,PF
Johnny Furphy,SG,PF,PF,PF,PF,SF
Adem Bona,C,C,C,C,C,C
Monte Morris,PG,SG,SG,SG,SG,PG
Andre Jackson Jr.,SG,SG,SG,SG,SG,SF
Toby Okani,SG,SF,SF,PF,C,SF
Josh Green,SG,SG,SG,SG,PF,SG
Hunter Sallis,SG,PG,PG,PG,PG,PG
Luke Travers,SG,SG,SF,SG,PG,SG
Joe Ingles,SF,PG,PG,PG,PG,PF
Kris Dunn,PG,SG,SG,SG,SF,SG
Sidy Cissoko,SF,SG,SF,SG,SG,PF
Hugo González,SF,PF,SF,PF,PF,SF
DeAndre Jordan,C,C,C,C,C,C
Caleb Martin,SF,SG,SG,SG,PF,SG
Trevon Scott,SF,PF,PF,PF,PF,PF
Kam Jones,SG,PG,PG,PG,PG,PG
Gabe Vincent,PG,SG,SG,SG,SG,SG
Dylan Cardwell,C,C,C,C,C,C
Josh Okogie,SG,SG,SG,SG,SG,SG
Dereck Lively II,C,C,C,C,C,C
Dean Wade,PF,PF,PF,PF,SF,PF
Lachlan Olbrich,C,C,PF,C,C,C
Jonathan Isaac,PF,C,C,C,C,PF
Steven Adams,C,C,C,C,C,C
Jarred Vanderbilt,PF,PF,PF,PF,PF,SF
Jericho Sims,PF,C,C,C,C,C
Isaac Jones,PF,PF,PF,PF,C,PF
Craig Porter Jr.,PG,PG,PG,SG,SG,PG
Spencer Jones,SF,PF,SF,PF,PF,PF
Kris Murray,SF,PF,PF,PF,PF,PF
Bez Mbeng,SG,SG,SG,SG,SG,SG
Mike Conley,PG,SG,PG,SG,SG,PG
Javonte Cooke,SG,SG,SG,SG,PG,SG
Jonathan Mogbo,PF,C,C,C,C,C
Leaky Black,SF,SG,SG,SG,PF,SG
Hayden Gray,SG,SG,SG,SG,SG,SG
Xavier Tillman,PF,PF,PF,PF,C,PF
Sion James,SG,SG,SG,SG,SG,SG
TyTy Washington Jr.,PG,SG,PG,SF,C,PG
Ariel Hukporti,C,C,C,C,C,C
Colin Castleton,C,C,C,C,C,C
Isaiah Stevens,PG,PG,PG,PG,PG,PG
Garrett Temple,SG,SG,SG,SG,SG,SF
Dwight Powell,C,C,C,C,C,C
Keshon Gilbert,SG,PG,PG,PG,PF,PG
Dillon Jones,SF,SG,SG,SG,SG,PF
Mo Bamba,C,C,C,C,C,C
Nicolas Batum,PF,PF,SF,PF,PF,PF
Chris Boucher,SF,PF,PF,PF,C,SG
John Konchar,SG,PF,PF,SG,SG,SG
James Wiseman,C,C,C,PF,PF,PF
Lonzo Ball,PG,PG,PG,PG,SG,PG
Chris Paul,PG,PG,PG,PG,PG,PG
Amari Williams,PF,C,C,C,C,C
Christian Koloko,C,C,PF,C,C,PF
Tyus Jones,PG,SG,PG,SG,SG,PG
Dorian Finney-Smith,PF,SG,SF,SG,SG,PF
Brooks Barnhizer,SG,PF,PF,PF,PF,PF
Dalano Banton,PG,PG,PG,PF,C,PG
N'Faly Dante,C,C,C,PF,PG,C
Gary Harris,SG,SG,SG,SG,PF,SG
Max Shulga,SG,SG,SG,SG,SG,SG
Kevon Looney,C,C,C,C,C,C
Isaiah Livers,SF,PF,PF,PF,SG,PF
Maxi Kleber,PF,PF,PF,PF,PF,PF
Johni Broome,C,PF,C,PF,PG,C
Mason Plumlee,C,C,C,C,C,C
Nigel Hayes-Davis,SF,PF,PF,PF,PF,PF
Wendell Moore Jr.,SG,PF,SG,PF,PF,SG
Bismack Biyombo,C,PF,PF,C,C,PF
Trey Jemison III,C,C,C,C,C,C
Andersson Garcia,SF,PF,PF,PF,SG,PF
Chris Mañon,SG,SG,SG,SG,PG,SG
Kyle Lowry,PG,SG,SG,SG,PG,PG
Cody Martin,SF,PF,SG,PF,SG,SF
Dario Saric,C,PF,SF,SG,PG,PF
Markelle Fultz,PG,PG,PG,PG,C,PG
Drew Peterson,PF,SG,SF,SG,PG,PF
Jahmyl Telfort,PF,SG,SF,SG,PG,SF
Chucky Hepburn,PG,PG,PG,PG,PG,PG
Darius Brown,SG,SG,SG,PF,SF,SG
Noa Essengue,PF,SG,SG,SG,PG,SG
Tosan Evbuomwan,SF,PF,PF,PF,PG,SF
