Centroide_euclidean_vs_Centroide_manhattan,Centroide_euclidean_vs_Centroide_mahalanobis,Centroide_euclidean_vs_Centroide_minkowski,Centroide_manhattan_vs_Centroide_minkowski,Centroide_mahalanobis_vs_Centroide_manhattan,Centroide_mahalanobis_vs_Centroide_minkowski,Centroide_chebyshev_vs_Centroide_euclidean,Centroide_chebyshev_vs_Centroide_manhattan,Centroide_chebyshev_vs_Centroide_mahalanobis,Centroide_chebyshev_vs_Centroide_minkowski,Player
False,True,True,False,False,True,False,False,False,False,Tristen Newton
True,False,True,True,False,False,False,False,True,False,Giannis Antetokounmpo
True,False,True,True,False,False,True,True,False,True,Shai Gilgeous-Alexander
True,False,True,True,False,False,True,True,False,True,Luka Dončić
True,False,True,True,False,False,False,False,False,False,Alex Antetokounmpo
True,True,True,True,True,True,True,True,True,True,Ty Jerome
True,True,True,True,True,True,False,False,False,False,Kawhi Leonard
True,True,True,True,True,True,True,True,True,True,Stephen Curry
True,True,True,True,True,True,True,True,True,True,Victor Wembanyama
True,False,True,True,False,False,False,False,False,False,Joel Embiid
True,False,True,True,False,False,True,True,False,True,Mark Sears
False,False,True,False,True,False,True,False,False,True,Jaylen Brown
True,True,True,True,True,True,True,True,True,True,Donovan Mitchell
False,True,True,False,False,True,False,False,False,False,Anthony Edwards
True,True,True,True,True,True,False,False,False,False,Nikola Jokić
False,False,True,False,True,False,True,False,False,True,Lauri Markkanen
True,True,True,True,True,True,True,True,True,True,Devin Booker
True,True,True,True,True,True,True,True,True,True,Michael Porter Jr.
True,True,True,True,True,True,True,True,True,True,Jalen Brunson
True,True,True,True,True,True,True,True,True,True,Tyrese Maxey
True,True,True,True,True,True,False,False,False,False,Norman Powell
False,True,True,False,False,True,True,False,True,True,Deni Avdija
True,False,True,True,False,False,True,True,False,True,Pascal Siakam
True,False,True,True,False,False,True,True,False,True,Trentyn Flowers
True,True,True,True,True,True,True,True,True,True,Jamal Murray
False,False,True,False,True,False,True,False,False,True,Norchad Omier
True,True,True,True,True,True,True,True,True,True,LaMelo Ball
True,True,True,True,True,True,True,True,True,True,Keyonte George
False,False,True,False,True,False,True,False,False,True,Kevin Durant
False,False,True,False,False,False,True,False,False,True,Shaedon Sharpe
False,True,True,False,False,True,False,False,False,False,Zion Williamson
True,True,True,True,True,True,True,True,True,True,Cade Cunningham
True,True,True,True,True,True,True,True,True,True,Trae Young
True,True,True,True,True,True,True,True,True,True,Coby White
True,True,True,True,True,True,True,True,True,True,Kristaps Porziņģis
True,True,True,True,True,True,True,True,True,True,Jalen Duren
True,True,True,True,True,True,True,True,True,True,Franz Wagner
True,False,True,True,False,False,True,True,False,True,Jalen Green
True,True,True,True,True,True,True,True,True,True,Ja Morant
True,True,True,True,True,True,True,True,True,True,James Harden
True,True,True,True,True,True,True,True,True,True,Austin Reaves
False,True,True,False,False,True,False,False,False,False,Jayson Tatum
True,True,True,True,True,True,False,False,False,False,Brandon Miller
True,True,True,True,True,True,False,False,False,False,Dillon Brooks
True,True,True,True,True,True,False,False,False,False,Obi Toppin
True,False,True,True,False,False,True,True,False,True,Tristan Vukcevic
False,False,True,False,True,False,False,False,False,False,Tyler Herro
True,True,True,True,True,True,True,True,True,True,Jonas Valančiūnas
True,False,True,True,False,False,True,True,False,True,Collin Sexton
True,True,True,True,True,True,False,False,False,False,Anthony Davis
True,True,True,True,True,True,True,True,True,True,Karl-Anthony Towns
True,False,True,True,False,False,True,True,False,True,Cam Thomas
True,False,True,True,False,False,True,True,False,True,Jimmy Butler III
False,True,True,False,False,True,False,True,False,False,Jalen Johnson
True,True,True,True,True,True,False,False,False,False,Jaren Jackson Jr.
True,True,True,True,True,True,True,True,True,True,Paolo Banchero
False,False,True,False,True,False,False,True,True,False,Julius Randle
True,True,True,True,True,True,True,True,True,True,RJ Barrett
True,True,True,True,True,True,True,True,True,True,Brandon Ingram
True,True,True,True,True,True,True,True,True,True,Brice Sensabaugh
True,False,True,True,False,False,False,False,False,False,LeBron James
True,False,True,True,False,False,True,True,False,True,CJ McCollum
True,True,True,True,True,True,True,True,True,True,Darius Garland
True,True,True,True,True,True,True,True,True,True,Cooper Flagg
True,True,True,True,True,True,True,True,True,True,Jerami Grant
True,True,True,True,True,True,False,False,False,False,Nickeil Alexander-Walker
True,False,True,True,False,False,True,True,False,True,Bam Adebayo
True,True,True,True,True,True,False,False,False,False,Alperen Sengun
True,True,True,True,True,True,False,False,False,False,Zach LaVine
True,True,True,True,True,True,True,True,True,True,Trey Murphy III
True,True,True,True,True,True,True,True,True,True,Riley Minix
True,True,True,True,True,True,True,True,True,True,Jalen Williams
True,True,True,True,True,True,True,True,True,True,Dejounte Murray
True,True,True,True,True,True,True,True,True,True,Alex Sarr
True,True,True,True,True,True,True,True,True,True,De'Aaron Fox
True,True,True,True,True,True,True,True,True,True,Desmond Bane
True,False,True,True,False,False,True,True,False,True,Chet Holmgren
True,False,True,True,False,False,False,False,False,False,DeMar DeRozan
True,True,True,True,True,True,True,True,True,True,Brandon Williams
True,True,True,True,True,True,True,True,True,True,Kon Knueppel
False,False,True,False,True,False,True,False,False,True,Bennedict Mathurin
True,True,True,True,True,True,True,True,True,True,Blake Hinson
True,True,True,True,True,True,True,True,True,True,GG Jackson
False,True,True,False,False,True,True,False,True,True,Jaden Hardy
True,True,True,True,True,True,True,True,True,True,Cormac Ryan
True,False,True,True,False,False,True,True,False,True,Aaron Gordon
True,True,True,True,True,True,True,True,True,True,Moritz Wagner
True,False,True,True,False,False,True,True,False,True,Grayson Allen
True,True,True,True,True,True,True,True,True,True,Anfernee Simons
True,True,True,True,True,True,True,True,True,True,Scoot Henderson
True,False,True,True,False,False,True,True,False,True,Evan Mobley
True,False,True,True,False,False,True,True,False,True,Malik Monk
True,False,True,True,False,False,True,True,False,True,Jarrett Allen
True,True,True,True,True,True,True,True,True,True,Saddiq Bey
True,True,True,True,True,True,True,True,True,True,Keldon Johnson
True,True,True,True,True,True,True,True,True,True,Bobby Portis
True,False,True,True,False,False,True,True,False,True,Paul George
True,False,True,True,False,False,True,True,False,True,Jordan Poole
True,True,True,True,True,True,True,True,True,True,Paul Reed
True,True,True,True,True,True,False,False,False,False,Matas Buzelis
True,True,True,True,True,True,False,False,False,False,Caleb Houstan
False,True,True,False,False,True,True,False,True,True,Stephon Castle
True,True,True,True,True,True,True,True,True,True,Jrue Holiday
True,False,True,True,False,False,True,True,False,True,Jeremiah Fears
True,True,True,True,True,True,False,False,False,False,Payton Sandfort
True,False,True,True,False,False,True,True,False,True,Miles Bridges
False,False,True,False,False,False,True,False,False,True,David Roddy
True,True,True,True,True,True,True,True,True,True,T.J. McConnell
True,True,True,True,True,True,True,True,True,True,Cam Whitmore
True,True,True,True,True,True,False,False,False,False,Ayo Dosunmu
True,False,True,True,False,False,False,False,False,False,Jaime Jaquez Jr.
True,True,True,True,True,True,True,True,True,True,Klay Thompson
True,True,True,True,True,True,True,True,True,True,Andrew Nembhard
True,False,True,True,False,False,False,False,False,False,Scottie Barnes
True,True,True,True,True,True,False,False,False,False,Zyon Pullin
True,True,True,True,True,True,True,True,True,True,Ryan Rollins
True,True,True,True,True,True,False,False,False,False,Olivier-Maxence Prosper
True,True,True,True,True,True,True,True,True,True,Scotty Pippen Jr.
True,True,True,True,True,True,False,False,False,False,Koby Brea
True,False,True,True,False,False,False,False,True,False,Dariq Whitehead
True,False,True,True,False,False,False,False,False,False,Trevor Keels
True,False,True,True,False,False,True,True,False,True,De'Anthony Melton
True,True,True,True,True,True,True,True,True,True,Domantas Sabonis
True,True,True,True,True,True,True,True,True,True,Seth Curry
True,True,True,True,True,True,True,True,True,True,D'Angelo Russell
False,True,True,False,False,True,True,False,True,True,Josh Giddey
False,True,True,False,False,True,True,False,True,True,Nikola Vučević
True,True,True,True,True,True,True,True,True,True,Zach Edey
True,True,True,True,True,True,True,True,True,True,Zach Collins
True,False,True,True,False,False,True,True,False,True,Cedric Coward
True,True,True,True,True,True,False,False,False,False,Jonathan Kuminga
True,True,True,True,True,True,False,False,False,False,Payton Pritchard
True,False,True,True,False,False,True,True,False,True,Ajay Mitchell
True,True,True,True,True,True,True,True,True,True,Kevin Porter Jr.
True,True,True,True,True,True,True,True,True,True,Russell Westbrook
True,True,True,True,True,True,True,True,True,True,De'Andre Hunter
True,True,True,True,True,True,True,True,True,True,Marvin Bagley III
False,True,True,False,False,True,True,False,True,True,Dylan Harper
True,True,True,True,True,True,True,True,True,True,Tre Jones
True,False,True,True,False,False,False,False,True,False,Naz Reid
True,True,True,True,True,True,True,True,True,True,Isaiah Joe
True,False,True,True,False,False,True,True,False,True,DaQuan Jeffries
True,False,True,True,False,False,True,True,False,True,Reed Sheppard
True,True,True,True,True,True,True,True,True,True,Naji Marshall
True,True,True,True,True,True,False,False,False,False,Chris Livingston
True,True,True,True,True,True,True,True,True,True,Immanuel Quickley
True,True,True,True,True,True,True,True,True,True,Bones Hyland
True,False,True,True,False,False,False,False,False,False,Kyshawn George
True,True,True,True,True,True,True,True,True,True,Sandro Mamukelashvili
True,True,True,True,True,True,True,True,True,True,Simone Fontecchio
True,True,True,True,True,True,True,True,True,True,Tre Johnson
True,True,True,True,True,True,False,False,False,False,Tim Hardaway Jr.
True,False,True,True,False,False,True,True,False,True,Andrew Wiggins
True,True,True,True,True,True,True,True,True,True,LJ Cryer
True,True,True,True,True,True,True,True,True,True,Thomas Bryant
True,True,True,True,True,True,True,True,True,True,Micah Potter
True,False,True,True,False,False,False,False,True,False,OG Anunoby
False,True,True,False,False,True,False,True,False,False,Caleb Love
True,True,True,True,True,True,True,True,True,True,Santi Aldama
True,False,True,True,False,False,True,True,False,True,Leonard Miller
True,False,True,True,False,False,True,True,False,True,Anthony Black
True,False,True,True,False,False,True,True,False,True,John Collins
True,True,True,True,True,True,True,True,True,True,Ace Bailey
True,True,True,True,True,True,True,True,True,True,Jalen Suggs
True,True,True,True,True,True,True,True,True,True,Kel'el Ware
True,True,True,True,True,True,True,True,True,True,Quenton Jackson
True,False,True,True,False,False,True,True,False,True,Tyrese Proctor
True,True,True,True,True,True,True,True,True,True,Luka Garza
True,True,True,True,True,True,True,True,True,True,Charles Bassey
True,True,True,True,True,True,False,False,False,False,Tyson Etienne
True,True,True,True,True,True,True,True,True,True,Joan Beringer
True,True,True,True,True,True,True,True,True,True,Kyle Kuzma
True,False,True,True,False,False,True,True,False,True,Branden Carlson
False,True,True,False,False,True,False,True,False,False,Mac McClung
True,True,True,True,True,True,False,False,False,False,Mark Williams
True,True,True,True,True,True,True,True,True,True,Jalen Smith
True,True,True,True,True,True,True,True,True,True,Peyton Watson
True,True,True,True,True,True,True,True,True,True,Nick Smith Jr.
True,False,True,True,False,False,False,False,True,False,Corey Kispert
True,True,True,True,True,True,True,True,True,True,Jaylon Tyson
True,True,True,True,True,True,True,True,True,True,Johnny Juzang
True,True,True,True,True,True,True,True,True,True,Onyeka Okongwu
True,True,True,True,True,True,True,True,True,True,Amen Thompson
True,True,True,True,True,True,True,True,True,True,Kyle Filipowski
True,True,True,True,True,True,False,False,False,False,Keshad Johnson
True,True,True,True,True,True,True,True,True,True,Jordan Clarkson
True,True,True,True,True,True,True,True,True,True,Brandin Podziemski
True,True,True,True,True,True,True,True,True,True,Grant Nelson
True,True,True,True,True,True,True,True,True,True,MarJon Beauchamp
True,True,True,True,True,True,True,True,True,True,Devin Carter
True,True,True,True,True,True,False,False,False,False,Derrick White
True,True,True,True,True,True,True,True,True,True,Sam Merrill
True,True,True,True,True,True,True,True,True,True,Jared McCain
False,False,True,False,True,False,True,False,False,True,Julian Strawther
True,False,True,True,False,False,True,True,False,True,Tobias Harris
True,False,True,True,False,False,False,False,True,False,Gary Payton II
True,True,True,True,True,True,True,True,True,True,Javon Small
True,True,True,True,True,True,True,True,True,True,Jock Landale
True,True,True,True,True,True,True,True,True,True,Buddy Hield
True,True,True,True,True,True,True,True,True,True,Sharife Cooper
False,True,True,False,False,True,True,False,True,True,Jaylen Wells
False,True,True,False,False,True,False,False,False,False,Jacob Toppin
True,True,True,True,True,True,False,False,False,False,Moses Moody
True,True,True,True,True,True,True,True,True,True,Jaden Ivey
True,True,True,True,True,True,True,True,True,True,David Jones Garcia
True,True,True,True,True,True,True,True,True,True,Oscar Tshiebwe
True,False,True,True,False,False,True,True,False,True,Maxime Raynaud
True,True,True,True,True,True,True,True,True,True,Derik Queen
True,True,True,True,True,True,True,True,True,True,Nate Williams
True,False,True,True,False,False,True,True,False,True,Will Riley
True,True,True,True,True,True,True,True,True,True,Jaden McDaniels
True,True,True,True,True,True,True,True,True,True,Ivica Zubac
True,True,True,True,True,True,False,False,False,False,Walker Kessler
True,True,True,True,True,True,True,True,True,True,Day'Ron Sharpe
True,True,True,True,True,True,True,True,True,True,Cam Spencer
False,False,True,False,True,False,True,False,False,True,Aaron Nesmith
True,False,True,True,False,False,False,False,False,False,Max Strus
True,True,True,True,True,True,True,True,True,True,Malaki Branham
True,True,True,True,True,True,True,True,True,True,Kennedy Chandler
True,True,True,True,True,True,True,True,True,True,Daniss Jenkins
True,False,True,True,False,False,True,True,False,True,Deandre Ayton
True,True,True,True,True,True,True,True,True,True,VJ Edgecombe
False,False,True,False,True,False,True,False,False,True,P.J. Washington
True,True,True,True,True,True,True,True,True,True,Quentin Grimes
True,True,True,True,True,True,False,False,False,False,Devin Vassell
False,False,True,False,True,False,True,False,False,True,Jay Huff
True,True,True,True,True,True,True,True,True,True,Miles McBride
True,True,True,True,True,True,False,False,False,False,Noah Clowney
True,False,True,True,False,False,True,True,False,True,Asa Newell
True,False,True,True,False,False,False,False,True,False,Emanuel Miller
True,True,True,True,True,True,False,False,False,False,John Poulakidas
True,True,True,True,True,True,True,True,True,True,Isaiah Collier
True,False,True,True,False,False,False,False,True,False,Jarace Walker
True,True,True,True,True,True,False,False,False,False,Jordan Miller
False,True,True,False,False,True,True,False,True,True,Jabari Smith Jr.
True,False,True,True,False,False,True,True,False,True,Terrence Shannon Jr.
True,True,True,True,True,True,False,False,False,False,Gui Santos
True,True,True,True,True,True,True,True,True,True,Kelly Oubre Jr.
False,False,True,False,True,False,True,False,False,True,Bilal Coulibaly
False,False,True,False,True,False,True,False,False,True,Eric Gordon
True,True,True,True,True,True,True,True,True,True,Kevin Huerter
True,False,True,True,False,False,False,False,True,False,Ziaire Williams
True,False,True,True,False,False,True,True,False,True,A.J. Lawson
True,True,True,True,True,True,True,True,True,True,Donovan Clingan
True,True,True,True,True,True,True,True,True,True,Dennis Schröder
True,False,True,True,False,False,False,False,False,False,Jayson Kent
True,False,True,True,False,False,False,False,False,False,Khris Middleton
True,True,True,True,True,True,True,True,True,True,Duncan Robinson
True,True,True,True,True,True,True,True,True,True,Cole Anthony
True,True,True,True,True,True,True,True,True,True,DaRon Holmes II
True,True,True,True,True,True,True,True,True,True,Collin Gillespie
True,True,True,True,True,True,True,True,True,True,Quinten Post
True,True,True,True,True,True,False,False,False,False,Myles Turner
True,True,True,True,True,True,False,False,False,False,Jamal Cain
True,True,True,True,True,True,True,True,True,True,Isaiah Stewart
True,True,True,True,True,True,False,False,False,False,Mikal Bridges
True,True,True,True,True,True,True,True,True,True,Daniel Gafford
False,True,True,False,False,True,True,False,True,True,Josh Minott
False,False,True,False,False,False,True,False,False,True,Alondes Williams
True,True,True,True,True,True,False,False,False,False,Cameron Payne
True,False,True,True,False,False,True,True,False,True,Tre Mann
True,True,True,True,True,True,True,True,True,True,Tristan Enaruna
False,False,True,False,False,False,True,False,False,True,Justin Champagnie
True,False,True,True,False,False,True,True,False,True,Jett Howard
True,True,True,True,True,True,True,True,True,True,Pelle Larsson
True,True,True,True,True,True,True,True,True,True,Aaron Wiggins
True,True,True,True,True,True,True,True,True,True,Marcus Sasser
True,True,True,True,True,True,True,True,True,True,Jahmir Young
True,False,True,True,False,False,True,True,False,True,Jakob Poeltl
True,True,True,True,True,True,True,True,True,True,Danny Wolf
True,False,True,True,False,False,False,False,True,False,Gradey Dick
True,True,True,True,True,True,True,True,True,True,Zaccharie Risacher
False,False,True,False,True,False,False,True,True,False,Nikola Jović
True,False,True,True,False,False,True,True,False,True,Trey Alexander
True,True,True,True,True,True,True,True,True,True,Kenrich Williams
True,False,True,True,False,False,False,False,True,False,Nic Claxton
True,True,True,True,True,True,True,True,True,True,Precious Achiuwa
True,True,True,True,True,True,True,True,True,True,Rob Dillingham
False,True,True,False,False,True,True,False,True,True,Harrison Ingram
True,True,True,True,True,True,True,True,True,True,Max Christie
True,True,True,True,True,True,True,True,True,True,E.J. Liddell
True,True,True,True,True,True,True,True,True,True,Tyler Burton
True,True,True,True,True,True,False,False,False,False,Sean Pedulla
False,True,True,False,False,True,True,False,True,True,Haywood Highsmith
True,True,True,True,True,True,True,True,True,True,Yanic Konan Niederhäuser
True,True,True,True,True,True,False,False,False,False,Ronald Holland II
True,True,True,True,True,True,True,True,True,True,Jusuf Nurkić
True,True,True,True,True,True,False,False,False,False,Dalton Knecht
True,True,True,True,True,True,False,False,False,False,Jaxson Hayes
True,True,True,True,True,True,True,True,True,True,Blake Wesley
True,False,True,True,False,False,False,False,True,False,Egor Dëmin
True,True,True,True,True,True,True,True,True,True,Jamaree Bouyea
True,True,True,True,True,True,True,True,True,True,Tolu Smith
True,True,True,True,True,True,True,True,True,True,Daeqwon Plowden
True,True,True,True,True,True,True,True,True,True,Isaiah Jackson
True,True,True,True,True,True,True,True,True,True,Jase Richardson
True,False,True,True,False,False,True,True,False,True,Svi Mykhailiuk
True,True,True,True,True,True,True,True,True,True,Landry Shamet
True,True,True,True,True,True,True,True,True,True,Bradley Beal
False,False,True,False,True,False,True,False,False,True,Rui Hachimura
True,True,True,True,True,True,False,False,False,False,Tari Eason
True,True,True,True,True,True,True,True,True,True,Keegan Murray
True,True,True,True,True,True,True,True,True,True,Kevin Love
True,True,True,True,True,True,False,False,False,False,PJ Hall
False,False,True,False,True,False,True,False,False,True,Wendell Carter Jr.
True,True,True,True,True,True,True,True,True,True,Neemias Queta
True,False,True,True,False,False,True,True,False,True,Toumani Camara
True,True,True,True,True,True,False,False,False,False,Julian Champagnie
True,True,True,True,True,True,True,True,True,True,Nolan Traore
True,True,True,True,True,True,True,True,True,True,Tristan da Silva
True,True,True,True,True,True,True,True,True,True,Donte DiVincenzo
True,True,True,True,True,True,True,True,True,True,Cameron Johnson
True,True,True,True,True,True,True,True,True,True,Trendon Watford
True,False,True,True,False,False,False,False,False,False,Buddy Boeheim
True,False,True,True,False,False,True,True,False,True,Chaney Johnson
True,True,True,True,True,True,True,True,True,True,Aaron Holiday
True,True,True,True,True,True,True,True,True,True,Jalen Wilson
False,True,True,False,False,True,False,False,False,False,Antonio Reeves
True,True,True,True,True,True,False,False,False,False,Garrison Mathews
True,False,True,True,False,False,True,True,False,True,Josh Hart
True,False,True,True,False,False,True,True,False,True,Myron Gardner
True,False,True,True,False,False,True,True,False,True,Drew Eubanks
True,False,True,True,False,False,False,False,True,False,Vít Krejčí
True,False,True,True,False,False,True,True,False,True,Justin Edwards
True,True,True,True,True,True,True,True,True,True,Nick Richards
True,True,True,True,True,True,True,True,True,True,Robert Williams III
True,True,True,True,True,True,True,True,True,True,Kentavious Caldwell-Pope
True,True,True,True,True,True,True,True,True,True,Javonte Green
False,True,True,False,False,True,True,False,True,True,Ousmane Dieng
True,False,True,True,False,False,True,True,False,True,Taylor Hendricks
False,False,True,False,True,False,True,False,False,True,Brandon Clarke
True,True,True,True,True,True,False,False,False,False,Drew Timme
False,True,True,False,False,True,True,False,True,True,Taurean Prince
True,True,True,True,True,True,False,False,False,False,Jevon Carter
True,True,True,True,True,True,False,False,False,False,Collin Murray-Boyles
True,True,True,True,True,True,False,False,False,False,Luke Kennard
True,False,True,True,False,False,True,True,False,True,Mohamed Diawara
False,False,True,False,True,False,True,False,False,True,Brook Lopez
True,True,True,True,True,True,True,True,True,True,Jordan Goodwin
True,False,True,True,False,False,True,True,False,True,Ron Harper Jr.
True,True,True,True,True,True,True,True,True,True,Pat Spencer
True,True,True,True,True,True,True,True,True,True,Bub Carrington
True,False,True,True,False,False,False,False,True,False,Bryce McGowens
True,True,True,True,True,True,True,True,True,True,Karlo Matković
True,False,True,True,False,False,True,True,False,True,Tidjane Salaün
True,True,True,True,True,True,True,True,True,True,Goga Bitadze
True,False,True,True,False,False,True,True,False,True,Harrison Barnes
True,True,True,True,True,True,True,True,True,True,Kobe Bufkin
True,True,True,True,True,True,True,True,True,True,Gary Trent Jr.
True,False,True,True,False,False,True,True,False,True,Al Horford
True,False,True,True,False,False,False,False,False,False,Caris LeVert
True,True,True,True,True,True,True,True,True,True,Rocco Zikarsky
True,True,True,True,True,True,False,False,False,False,Chris Youngblood
True,True,True,True,True,True,True,True,True,True,Julian Reese
True,False,True,True,False,False,True,True,False,True,Jeff Green
True,True,True,True,True,True,True,True,True,True,Walter Clayton Jr.
True,True,True,True,True,True,True,True,True,True,DeJon Jarreau
True,False,True,True,False,False,False,False,False,False,Ausar Thompson
True,True,True,True,True,True,True,True,True,True,Isaiah Hartenstein
True,True,True,True,True,True,False,False,False,False,Bogdan Bogdanović
True,True,True,True,True,True,True,True,True,True,Tyler Kolek
True,False,True,True,False,False,True,True,False,True,Christian Braun
True,True,True,True,True,True,False,False,False,False,Kadary Richmond
True,False,True,True,False,False,True,True,False,True,Derrick Jones Jr.
True,False,True,True,False,False,True,True,False,True,Tyrese Martin
True,False,True,True,False,False,False,False,False,False,Doug McDermott
True,True,True,True,True,True,True,True,True,True,Jordan Hawkins
True,False,True,True,False,False,True,True,False,True,Nae'Qwan Tomlin
True,True,True,True,True,True,True,True,True,True,Jose Alvarado
True,True,True,True,True,True,True,True,True,True,Sam Hauser
True,True,True,True,True,True,False,False,False,False,Jamison Battle
True,True,True,True,True,True,True,True,True,True,Pat Connaughton
True,True,True,True,True,True,False,False,False,False,Guerschon Yabusele
True,True,True,True,True,True,True,True,True,True,Kelly Olynyk
True,True,True,True,True,True,True,True,True,True,Jaylin Williams
True,True,True,True,True,True,True,True,True,True,Ja'Kobe Walter
True,True,True,True,True,True,True,True,True,True,Kobe Brown
True,False,True,True,False,False,False,False,True,False,Kobe Sanders
True,True,True,True,True,True,True,True,True,True,Vince Williams Jr.
True,True,True,True,True,True,False,False,False,False,Trayce Jackson-Davis
True,False,True,True,False,False,True,True,False,True,Carter Bryant
True,True,True,True,True,True,True,True,True,True,Duop Reath
True,True,True,True,True,True,False,False,False,False,Matisse Thybulle
True,True,True,True,True,True,True,True,True,True,Jabari Walker
True,True,True,True,True,True,True,True,True,True,Ben Saraf
False,False,True,False,True,False,True,False,False,True,Cody Williams
True,True,True,True,True,True,True,True,True,True,Tony Bradley
True,True,True,True,True,True,False,False,False,False,Liam McNeeley
True,True,True,True,True,True,True,True,True,True,RayJ Dennis
True,True,True,True,True,True,False,False,False,False,John Tonje
True,False,True,True,False,False,False,False,False,False,Dyson Daniels
True,True,True,True,True,True,False,False,False,False,Jamir Watkins
True,True,True,True,True,True,False,False,False,False,AJ Green
True,True,True,True,True,True,False,False,False,False,Olivier Sarr
True,True,True,True,True,True,True,True,True,True,Grant Williams
True,False,True,True,False,False,True,True,False,True,Pacôme Dadiet
True,True,True,True,True,True,True,True,True,True,Rasheer Fleming
True,True,True,True,True,True,True,True,True,True,KJ Simpson
True,True,True,True,True,True,False,False,False,False,AJ Johnson
True,True,True,True,True,True,True,True,True,True,Ryan Kalkbrenner
True,True,True,True,True,True,True,True,True,True,Mouhamadou Gueye
True,False,True,True,False,False,True,True,False,True,Taj Gibson
True,True,True,True,True,True,True,True,True,True,Alijah Martin
False,True,True,False,False,True,True,False,True,True,Enrique Freeman
True,True,True,True,True,True,True,True,True,True,Rudy Gobert
True,True,True,True,True,True,True,True,True,True,Taelon Peter
True,False,True,True,False,False,True,True,False,True,Kasparas Jakučionis
True,True,True,True,True,True,True,True,True,True,Keaton Wallace
False,False,True,False,True,False,True,False,False,True,Skal Labissiere
True,False,True,True,False,False,False,False,True,False,Dru Smith
True,False,True,True,False,False,True,True,False,True,Royce O'Neale
True,True,True,True,True,True,True,True,True,True,Malachi Smith
True,True,True,True,True,True,False,False,False,False,Pete Nance
True,True,True,True,True,True,True,True,True,True,Isaac Okoro
True,False,True,True,False,False,True,True,False,True,Adama Bal
True,True,True,True,True,True,True,True,True,True,Nique Clifford
True,False,True,True,False,False,True,True,False,True,Patrick Williams
True,True,True,True,True,True,True,True,True,True,Ethan Thompson
True,True,True,True,True,True,False,False,False,False,Alex Caruso
True,True,True,True,True,True,True,True,True,True,Alex Morales
True,True,True,True,True,True,True,True,True,True,Ryan Nembhard
True,False,True,True,False,False,False,False,True,False,Tyler Smith
True,True,True,True,True,True,True,True,True,True,Khaman Maluach
True,True,True,True,True,True,True,True,True,True,Anthony Gill
True,True,True,True,True,True,True,True,True,True,Jeremy Sochan
True,True,True,True,True,True,True,True,True,True,Lindy Waters III
True,True,True,True,True,True,False,False,False,False,Curtis Jones
True,True,True,True,True,True,True,True,True,True,Ben Sheppard
True,True,True,True,True,True,False,False,False,False,Julian Phillips
True,True,True,True,True,True,True,True,True,True,Andre Drummond
True,True,True,True,True,True,True,True,True,True,Marcus Smart
True,True,True,True,True,True,True,True,True,True,Omer Yurtseven
True,True,True,True,True,True,True,True,True,True,Davion Mitchell
False,True,True,False,False,True,True,False,True,True,Jake LaRavia
True,False,True,True,False,False,True,True,False,True,Elijah Harkless
True,True,True,True,True,True,True,True,True,True,Lucas Williamson
True,True,True,True,True,True,True,True,True,True,Cam Christie
False,False,True,False,True,False,False,True,True,False,Bronny James
True,True,True,True,True,True,True,True,True,True,Bruce Brown
True,True,True,True,True,True,True,True,True,True,Nikola Topić
True,True,True,True,True,True,True,True,True,True,Keon Ellis
True,True,True,True,True,True,True,True,True,True,Dominick Barlow
True,True,True,True,True,True,False,False,False,False,Ochai Agbaji
False,True,True,False,False,True,False,False,False,False,Kevin McCullar Jr.
True,True,True,True,True,True,False,False,False,False,Cason Wallace
True,False,True,True,False,False,True,True,False,True,Jalen Pickett
False,False,True,False,True,False,True,False,False,True,Patrick Baldwin Jr.
True,True,True,True,True,True,True,True,True,True,Miles Kelly
True,True,True,True,True,True,True,True,True,True,Moussa Cisse
True,True,True,True,True,True,True,True,True,True,Will Richard
True,False,True,True,False,False,True,True,False,True,Dalen Terry
True,False,True,True,False,False,False,False,False,False,Jae'Sean Tate
True,True,True,True,True,True,False,False,False,False,Thanasis Antetokounmpo
True,True,True,True,True,True,False,False,False,False,Yang Hansen
True,True,True,True,True,True,True,True,True,True,Jordan McLaughlin
True,False,True,True,False,False,True,True,False,True,JD Davison
False,False,True,False,True,False,True,False,False,True,Adou Thiero
True,True,True,True,True,True,True,True,True,True,Killian Hayes
True,False,True,True,False,False,True,True,False,True,Herbert Jones
True,True,True,True,True,True,False,False,False,False,Kyle Anderson
True,True,True,True,True,True,True,True,True,True,Luguentz Dort
True,True,True,True,True,True,True,True,True,True,Luke Kornet
True,True,True,True,True,True,True,True,True,True,Jaylen Clark
False,False,True,False,True,False,True,False,False,True,Rayan Rupert
True,True,True,True,True,True,True,True,True,True,Drake Powell
True,False,True,True,False,False,False,False,False,False,Bobi Klintman
False,True,True,False,False,True,False,True,False,False,Jalen Slawson
True,True,True,True,True,True,False,False,False,False,Josh Oduro
True,True,True,True,True,True,False,False,False,False,Chaz Lanier
False,True,True,False,False,True,True,False,True,True,Draymond Green
True,True,True,True,True,True,True,True,True,True,Clint Capela
True,False,True,True,False,False,False,False,False,False,Stanley Umude
True,False,True,True,False,False,True,True,False,True,Isaiah Crawford
True,True,True,True,True,True,False,False,False,False,Amir Coffey
True,True,True,True,True,True,True,True,True,True,Zeke Nnaji
True,True,True,True,True,True,True,True,True,True,Moussa Diabaté
True,False,True,True,False,False,True,True,False,True,Jordan Walsh
False,False,True,False,True,False,True,False,False,True,Ryan Dunn
True,True,True,True,True,True,True,True,True,True,Malevy Leons
True,False,True,True,False,False,True,True,False,True,Noah Penda
False,True,True,False,False,True,False,False,False,False,Baylor Scheierman
True,False,True,True,False,False,False,False,True,False,Terance Mann
True,True,True,True,True,True,False,False,False,False,CJ Huntley
True,True,True,True,True,True,True,True,True,True,Yuki Kawamura
True,True,True,True,True,True,True,True,True,True,Jamal Shead
True,False,True,True,False,False,True,True,False,True,Oso Ighodaro
False,False,True,False,False,False,False,False,False,False,Colby Jones
True,True,True,True,True,True,True,True,True,True,Vladislav Goldin
True,True,True,True,True,True,True,True,True,True,Larry Nance Jr.
True,True,True,True,True,True,True,True,True,True,Yves Missi
True,True,True,True,True,True,True,True,True,True,Mouhamed Gueye
True,True,True,True,True,True,True,True,True,True,Mitchell Robinson
False,False,True,False,False,False,True,False,False,True,Micah Peavy
True,True,True,True,True,True,False,False,False,False,Jahmai Mashack
True,False,True,True,False,False,True,True,False,True,Lawson Lovering
False,True,True,False,False,True,False,False,False,False,Hunter Tyson
False,True,True,False,False,True,True,False,True,True,Hunter Dickinson
True,True,True,True,True,True,False,False,False,False,Orlando Robinson
False,True,True,False,False,True,True,False,True,True,Jeremiah Robinson-Earl
True,False,True,True,False,False,True,True,False,True,Johnny Furphy
True,True,True,True,True,True,True,True,True,True,Adem Bona
True,False,True,True,False,False,True,True,False,True,Monte Morris
True,False,True,True,False,False,True,True,False,True,Andre Jackson Jr.
True,True,True,True,True,True,False,False,False,False,Toby Okani
True,True,True,True,True,True,False,False,False,False,Josh Green
True,True,True,True,True,True,True,True,True,True,Hunter Sallis
False,True,True,False,False,True,False,False,False,False,Luke Travers
True,False,True,True,False,False,True,True,False,True,Joe Ingles
True,True,True,True,True,True,False,False,False,False,Kris Dunn
False,False,True,False,False,False,True,False,False,True,Sidy Cissoko
False,False,True,False,True,False,True,False,False,True,Hugo González
True,True,True,True,True,True,True,True,True,True,DeAndre Jordan
True,True,True,True,True,True,False,False,False,False,Caleb Martin
True,True,True,True,True,True,True,True,True,True,Trevon Scott
True,True,True,True,True,True,True,True,True,True,Kam Jones
True,True,True,True,True,True,True,True,True,True,Gabe Vincent
True,True,True,True,True,True,True,True,True,True,Dylan Cardwell
True,True,True,True,True,True,True,True,True,True,Josh Okogie
True,True,True,True,True,True,True,True,True,True,Dereck Lively II
True,True,True,True,True,True,False,False,False,False,Dean Wade
False,True,True,False,False,True,True,False,True,True,Lachlan Olbrich
True,False,True,True,False,False,True,True,False,True,Jonathan Isaac
True,True,True,True,True,True,True,True,True,True,Steven Adams
True,False,True,True,False,False,True,True,False,True,Jarred Vanderbilt
True,True,True,True,True,True,True,True,True,True,Jericho Sims
True,True,True,True,True,True,False,False,False,False,Isaac Jones
True,True,True,True,True,True,False,False,False,False,Craig Porter Jr.
False,True,True,False,False,True,True,False,True,True,Spencer Jones
True,True,True,True,True,True,True,True,True,True,Kris Murray
True,True,True,True,True,True,True,True,True,True,Bez Mbeng
False,False,True,False,True,False,True,False,False,True,Mike Conley
True,True,True,True,True,True,False,False,False,False,Javonte Cooke
True,True,True,True,True,True,True,True,True,True,Jonathan Mogbo
True,True,True,True,True,True,False,False,False,False,Leaky Black
True,True,True,True,True,True,True,True,True,True,Hayden Gray
True,True,True,True,True,True,False,False,False,False,Xavier Tillman
True,True,True,True,True,True,True,True,True,True,Sion James
False,False,True,False,True,False,False,False,False,False,TyTy Washington Jr.
True,True,True,True,True,True,True,True,True,True,Ariel Hukporti
True,True,True,True,True,True,True,True,True,True,Colin Castleton
True,True,True,True,True,True,True,True,True,True,Isaiah Stevens
True,False,True,True,False,False,True,True,False,True,Garrett Temple
True,True,True,True,True,True,True,True,True,True,Dwight Powell
True,True,True,True,True,True,False,False,False,False,Keshon Gilbert
True,False,True,True,False,False,True,True,False,True,Dillon Jones
True,True,True,True,True,True,True,True,True,True,Mo Bamba
False,True,True,False,False,True,True,False,True,True,Nicolas Batum
True,False,True,True,False,False,False,False,False,False,Chris Boucher
True,False,True,True,False,False,False,False,True,False,John Konchar
True,False,True,True,False,False,False,False,True,False,James Wiseman
True,True,True,True,True,True,False,False,False,False,Lonzo Ball
True,True,True,True,True,True,True,True,True,True,Chris Paul
True,True,True,True,True,True,True,True,True,True,Amari Williams
False,False,True,False,True,False,True,False,False,True,Christian Koloko
False,False,True,False,True,False,True,False,False,True,Tyus Jones
False,False,True,False,False,False,True,False,False,True,Dorian Finney-Smith
True,True,True,True,True,True,True,True,True,True,Brooks Barnhizer
True,True,True,True,True,True,False,False,False,False,Dalano Banton
True,True,True,True,True,True,False,False,False,False,N'Faly Dante
True,True,True,True,True,True,False,False,False,False,Gary Harris
True,True,True,True,True,True,True,True,True,True,Max Shulga
True,True,True,True,True,True,True,True,True,True,Kevon Looney
True,True,True,True,True,True,False,False,False,False,Isaiah Livers
True,True,True,True,True,True,True,True,True,True,Maxi Kleber
False,False,True,False,True,False,False,False,False,False,Johni Broome
True,True,True,True,True,True,True,True,True,True,Mason Plumlee
True,True,True,True,True,True,True,True,True,True,Nigel Hayes-Davis
False,False,True,False,True,False,True,False,False,True,Wendell Moore Jr.
True,True,True,True,True,True,False,False,False,False,Bismack Biyombo
True,True,True,True,True,True,True,True,True,True,Trey Jemison III
True,True,True,True,True,True,False,False,False,False,Andersson Garcia
True,True,True,True,True,True,False,False,False,False,Chris Mañon
True,False,True,True,False,False,False,False,True,False,Kyle Lowry
False,False,True,False,False,False,False,True,False,False,Cody Martin
False,True,True,False,False,True,False,False,False,False,Dario Saric
True,True,True,True,True,True,False,False,False,False,Markelle Fultz
False,False,True,False,False,False,False,False,False,False,Drew Peterson
False,False,True,False,True,False,False,False,False,False,Jahmyl Telfort
True,True,True,True,True,True,True,True,True,True,Chucky Hepburn
True,True,True,True,True,True,False,False,False,False,Darius Brown
True,True,True,True,True,True,False,False,False,False,Noa Essengue
True,False,True,True,False,False,False,False,False,False,Tosan Evbuomwan
