Player,Posicao_Real,Dist_PG,Dist_SG,Dist_SF,Dist_PF,Dist_C,Posicao_Centroide_Mais_Proximo,Menor_Distancia
Tristen Newton,SG,24.256087398508676,20.06685808190346,23.036903717858046,23.697084085318046,28.98386495841837,SG,20.06685808190346
Donovan Mitchell,SG,14.648375214384798,11.628750298076076,17.080979898660452,15.592829619925574,21.908677453141298,SG,11.628750298076076
Lauri Markkanen,SF,19.41135503757643,12.522794376875824,13.875956361454865,10.47869342798245,16.344265400683597,PF,10.47869342798245
Devin Booker,SG,11.925284591004596,9.032211816197655,15.16797220003838,13.96353488297083,19.350197311460697,SG,9.032211816197655
Cade Cunningham,SG,14.146595448418896,11.348940597317226,15.86532671288578,13.500342932686337,19.803758902249577,SG,11.348940597317226
Jalen Johnson,PF,14.909322495624206,9.307592428101215,13.88418179392405,11.027367914938505,17.729066174987846,SG,9.307592428101215
Jerami Grant,PF,9.883592583824107,6.753712366872309,7.822159468241652,7.316106496141755,11.950152183112593,SG,6.753712366872309
Chet Holmgren,PF,17.644116560982685,12.689189889803242,13.845478323907084,11.529756450114933,14.252350652400901,PF,11.529756450114933
Blake Hinson,SF,14.864254278436189,9.76549918847511,8.930084986507914,8.39223746125925,14.528940601152872,PF,8.39223746125925
Miles Bridges,PF,11.29351305956824,4.866559688134766,8.487394951112588,5.302364617813243,11.45684083144953,SG,4.866559688134766
Olivier-Maxence Prosper,PF,12.415698719712964,7.662073278139532,8.047173854839299,5.26796014442667,12.340145212135178,PF,5.26796014442667
Anthony Black,PG,6.178582193151988,5.336596759761892,7.733482815821498,7.0068911160788865,13.307592680783447,SG,5.336596759761892
Kyle Kuzma,PF,9.54609258806184,6.136839010551221,7.250025758042225,4.011707474323549,11.001647020879151,PF,4.011707474323549
Jaylon Tyson,SG,9.872612833420247,5.99691903411866,7.319028212592053,4.65333496784199,10.875801375575158,PF,4.65333496784199
Jaylen Wells,SG,8.149165471789138,5.3466965302527125,5.672477888890752,5.643243707222701,11.383541686778377,SG,5.3466965302527125
Jacob Toppin,SF,19.65132072070484,20.149164013327066,16.655436739977247,18.35193565537837,20.423637622123913,SF,16.655436739977247
Will Riley,SF,8.20347134037932,7.1377533602718035,7.769143483225982,6.423034121429483,11.6496505738462,PF,6.423034121429483
Emanuel Miller,PF,9.804334888229711,7.855925447768771,9.313070817916842,9.887449185834473,17.51842587767273,SG,7.855925447768771
Duncan Robinson,SG,9.132691090148477,8.905546054037456,5.218880913532524,6.119894456941632,11.06927439125782,SF,5.218880913532524
Danny Wolf,PF,10.927037459178896,10.149963705099905,9.521801680074336,6.615760070234497,9.930926736450035,PF,6.615760070234497
Sean Pedulla,PG,11.833590051353625,12.929949608408215,15.643741343292033,16.20255226262621,20.98515246383558,PG,11.833590051353625
Egor Dëmin,PG,5.374002667333168,7.696529689531086,7.3267459596663915,6.949727112831683,10.68012170683153,PG,5.374002667333168
Jamaree Bouyea,PG,5.784138914603932,8.335535456798722,8.594771235655134,8.656513036587135,15.027337986644813,PG,5.784138914603932
Isaiah Jackson,C,14.915650983572654,14.820280285213364,11.641020844646212,11.80522532556528,12.171287513881403,SF,11.641020844646212
Svi Mykhailiuk,SF,8.973804259220588,8.637051647158545,6.154067622194113,7.0176397071867145,11.441913578622712,SF,6.154067622194113
Wendell Carter Jr.,PF,14.310197413516939,13.378346876830221,8.722864270351987,7.113818195668459,9.61891556480239,PF,7.113818195668459
Jalen Wilson,PF,7.488747319824503,7.952161207596346,5.925097890637059,6.24249824374861,9.54688172751891,SF,5.925097890637059
Antonio Reeves,SG,12.19603095815694,12.91777487091858,10.155817204162624,13.006729479729675,16.495368887446133,SF,10.155817204162624
Javonte Green,SF,8.823808615882921,9.669749530506792,6.390489335243908,8.826870894156528,11.66064229796753,SF,6.390489335243908
Ousmane Dieng,PF,6.635225007123078,7.775502488262788,8.177428752499633,6.860894207512251,10.45223169377764,PG,6.635225007123078
Brandon Clarke,PF,19.75900040663396,18.167139635817172,14.605514515405721,16.650830761862128,18.09210370243216,SF,14.605514515405721
Karlo Matković,PF,15.692896556673817,14.727619170848342,9.738109757697304,8.628056472135697,10.71614721718524,PF,8.628056472135697
Carter Bryant,PF,7.539442210450147,7.97081853184736,5.223076061746753,5.288920263041795,6.915773962273389,SF,5.223076061746753
Kasparas Jakučionis,PG,5.57172199402936,7.637523617083989,8.334908956246588,9.40910163103278,10.761296587929735,PG,5.57172199402936
Bruce Brown,SF,6.895868681220064,8.030494232522386,6.625707571090374,7.380180920520151,10.840836004534733,SF,6.625707571090374
Herbert Jones,PF,6.308362028745354,8.89444456200519,6.3338449013692175,7.44170818579437,9.311882710530755,PG,6.308362028745354
Josh Oduro,PF,20.239827875215457,19.47987331440585,13.809673253148512,14.536264952891122,12.335515661546491,C,12.335515661546491
CJ Huntley,SF,17.850508438348953,18.12443909689118,11.513194499001223,13.548128679165531,14.273298990861932,SF,11.513194499001223
Colby Jones,SG,22.33920626251645,21.363043010511014,23.262492292976585,24.44054141050757,25.127858466242664,SG,21.363043010511014
Johnny Furphy,SG,9.408009588898194,9.092791230002653,6.217832439728153,6.884334115985604,7.799270191972608,SF,6.217832439728153
Sidy Cissoko,SF,7.134191987870176,9.039154602590342,5.723921141233606,6.963445719253936,7.232531560883938,SF,5.723921141233606
Trevon Scott,SF,9.56400093165092,11.735883064922932,4.94820513560608,6.683250772302187,7.194241693089121,SF,4.94820513560608
Spencer Jones,SF,11.19107635058156,12.559218544732357,6.176135846915768,8.217886474096368,9.130943527342293,SF,6.176135846915768
Javonte Cooke,SG,14.50327975173245,13.857361500609672,15.698667923770989,15.858617363593805,14.123643986954844,SG,13.857361500609672
TyTy Washington Jr.,PG,10.504347197339145,16.860747516360014,14.561532026795591,17.228828719916766,18.0761513312922,PG,10.504347197339145
Chris Boucher,SF,14.205992770372674,17.17266737870162,11.902975133042839,14.549195978707854,11.108261341970307,C,11.108261341970307
Dorian Finney-Smith,PF,12.076430648492506,12.87660017233145,7.708726561001796,9.23180231537165,6.931807876928877,C,6.931807876928877
Dalano Banton,PG,15.787621870147424,21.07519242884901,17.87938718176018,19.44225421863814,15.16329213524556,C,15.16329213524556
Andersson Garcia,SF,14.426866258277629,15.841596629999655,11.534150678044115,11.282629315441177,7.683352903911128,C,7.683352903911128
Dario Saric,C,18.516360633230935,19.094205174283015,15.388952025082986,15.356467849072153,12.171287513881406,C,12.171287513881406
