Player,Dist_PG,Dist_SG,Dist_SF,Dist_PF,Dist_C,Posicao_Real,Posicao_Centroide_Mais_Proximo,Menor_Distancia
Tristen Newton,24.716284739497205,22.86338064131124,23.308870098899188,25.747402256149368,29.46684060262765,SG,SG,22.86338064131124
Giannis Antetokounmpo,22.89981523595101,24.16106287638167,21.178973734575468,19.87985392894195,17.762812356913592,PF,C,17.762812356913592
Shai Gilgeous-Alexander,13.279363689872778,14.93091313747263,15.883420034108504,18.15695227548199,22.4477157479175,PG,PG,13.279363689872778
Luka Dončić,17.038101246859174,18.731000716614332,17.64387482682104,18.2006388429287,21.774614802500956,PG,PG,17.038101246859174
Alex Antetokounmpo,17.555393193145083,14.26790909857505,11.729824562026375,11.2461153771965,11.484677230390476,SF,PF,11.2461153771965
Ty Jerome,12.502460116044718,14.810830854815753,16.906087494430057,19.783553419038356,25.340411052587314,SG,PG,12.502460116044718
Kawhi Leonard,15.912681548238114,14.172896547702155,13.563314433878356,14.95478706099974,19.301632343337122,SF,SF,13.563314433878356
Stephen Curry,11.001596365081857,13.704734535047262,15.786021454565393,18.77260210205475,24.329459735603706,PG,PG,11.001596365081857
Victor Wembanyama,25.856548096922104,24.54932015193626,22.089363652453898,21.002391968138514,19.747667963466444,C,C,19.747667963466444
Joel Embiid,20.702925664806223,20.06546452510535,17.605508025622992,16.2518990331128,15.402983123826289,C,C,15.402983123826289
Mark Sears,16.345655171960995,17.408928713911145,18.382795863488827,21.154441522511043,26.161325072928417,PG,PG,16.345655171960995
Jaylen Brown,14.285881134866688,14.668778693174836,13.901601781595666,15.18952503943804,19.57384094320525,SF,SF,13.901601781595666
Donovan Mitchell,10.62556646624218,13.479180607642615,14.425401873949784,17.26085934714006,22.684362492357756,SG,PG,10.62556646624218
Anthony Edwards,12.474506423950618,11.850264424669678,12.035355955975492,13.462040128152683,18.768634646870865,SG,SG,11.850264424669678
Nikola Jokić,23.108365147261754,24.50169529943547,22.31498482335718,21.435032847673494,19.59693773678954,C,C,19.59693773678954
Lauri Markkanen,18.051629644651726,14.686681452447477,11.822060863731881,11.340350659015522,14.417588025280088,SF,PF,11.340350659015522
Devin Booker,9.626495533850251,11.57340013696883,13.168890814118326,16.10079220734194,21.22705752121771,SG,PG,9.626495533850251
Michael Porter Jr.,13.952151148056902,12.492807532486692,10.51842587243447,11.588226576276325,15.05419840174554,SF,SF,10.51842587243447
Jalen Brunson,9.531414370428497,12.961134622884506,15.158072768051337,17.89750087842914,23.02376619230492,SG,PG,9.531414370428497
Tyrese Maxey,9.318511683310023,11.448983457696697,13.540798110418837,16.365037230215002,21.92189486376396,PG,PG,9.318511683310023
Norman Powell,9.817620068749413,9.030628626572902,9.41850181044005,12.366112915762898,17.922970549311856,SF,SG,9.030628626572902
Deni Avdija,12.522078107202027,13.798577752384501,12.059986167580279,12.150416698972203,16.30888010168019,SF,SF,12.059986167580279
Pascal Siakam,14.040192024959012,12.627402315596411,10.176509790816104,10.311067067722423,13.725290155790262,PF,SF,10.176509790816104
Trentyn Flowers,30.01595531266172,32.62284654849206,32.009832148545755,32.407860532455054,33.169464605608916,SF,PG,30.01595531266172
Jamal Murray,10.298856662799103,11.534648259770453,12.301423271592956,14.86244953296996,19.855360358514485,PG,PG,10.298856662799103
Norchad Omier,23.661373737346025,20.782801642141237,18.32976719225974,18.974282530475882,19.598502236258565,PF,SF,18.32976719225974
LaMelo Ball,11.978337119498942,14.771092648028501,15.31173940966179,18.12218182795456,23.679039461503514,PG,PG,11.978337119498942
Keyonte George,7.518116237377208,10.672914486654648,12.881233117586921,15.823613224115068,21.35353779623021,PG,PG,7.518116237377208
Kevin Durant,15.04253209579343,14.896002218041131,13.27291201464372,12.79922603115661,14.541808205535927,PF,PF,12.79922603115661
Shaedon Sharpe,11.32344545827923,10.238825202239296,10.951503694596907,14.168315012938324,19.72517264648728,SG,SG,10.238825202239296
Zion Williamson,15.429732723864092,13.935340000532559,11.646193136341896,11.659617445207154,13.465677651413449,PF,SF,11.646193136341896
Cade Cunningham,12.626677667000823,14.303058520515703,13.562174513543097,15.111216206896326,20.592418471452913,SG,PG,12.626677667000823
Trae Young,10.259277335529884,14.290402208897625,16.487340354064457,19.402131404191536,24.932055976306675,PG,PG,10.259277335529884
Coby White,9.323823926480602,10.840572525514784,11.865581264593262,14.807961371121404,19.934226684997178,PG,PG,9.323823926480602
Kristaps Porziņģis,17.094142600687857,14.164675622910593,11.910947320026201,11.266970394329638,11.79979421173211,PF,PF,11.266970394329638
Jalen Duren,22.041235127806473,20.048048138241064,16.756963312083425,14.811473066017962,10.868610766184892,C,C,10.868610766184892
Franz Wagner,12.019233155532305,9.644524952855019,7.853920769862697,8.974103025820629,13.23782128763415,SF,SF,7.853920769862697
Jalen Green,8.786312871847235,9.908662275068801,12.045407596147104,15.014921280501543,20.571778914050498,SG,PG,8.786312871847235
Ja Morant,11.108237113772194,15.3359158808809,18.035981894460228,20.718324362399766,25.767752555301357,PG,PG,11.108237113772194
James Harden,8.834184548063313,10.50466146280496,11.085210573166533,13.607947216834011,19.137871788949152,PG,PG,8.834184548063313
Austin Reaves,7.123133055995318,8.481815604657783,9.966243773322237,12.527270034699242,17.493876351271723,SG,PG,7.123133055995318
Jayson Tatum,11.00847212060879,12.754522048905017,12.72094100298353,14.696371844577124,18.431837546729746,SF,PG,11.00847212060879
Brandon Miller,10.283615303779445,9.30059929558153,8.984822644243554,11.334107694583903,16.86403226669904,SF,SF,8.984822644243554
Dillon Brooks,11.463774007588352,9.462402720963595,8.883432712303257,10.90832129846128,16.27746368646167,SF,SF,8.883432712303257
Obi Toppin,12.91488293772009,12.114020021137371,10.869299333588714,11.51187726156251,13.961137048468208,PF,SF,10.869299333588714
Tristan Vukcevic,14.807215892568623,13.301041535908407,10.289255072344877,10.170681963488647,11.56117419807251,C,PF,10.170681963488647
Tyler Herro,9.84729062970043,9.410306913397864,10.545268686353731,12.705363192084064,17.756728330878346,SG,SG,9.410306913397864
Jonas Valančiūnas,20.96045346730841,19.528701353498523,16.69992020176242,15.029360951535125,10.21211059191573,C,C,10.21211059191573
Collin Sexton,7.179920249762192,9.751672277651316,12.221856446222219,15.057313919412492,20.44184752246369,SG,PG,7.179920249762192
Anthony Davis,19.762746511809514,17.76955952224411,14.475842944093184,12.862196312994381,9.376763643700494,C,C,9.376763643700494
Karl-Anthony Towns,17.502229212352333,15.996054855692115,13.448001851333421,12.843381011847693,10.665928877253505,C,C,10.665928877253505
Cam Thomas,8.713273270498552,10.079823429067957,12.058330222396817,14.71162112069991,19.837886434575683,SG,PG,8.713273270498552
Jimmy Butler III,9.909479710994376,8.919657450765673,8.538741903862498,9.71952003053814,13.932356268056827,SF,SF,8.538741903862498
Jalen Johnson,12.258983050456102,13.62989064761631,11.977442164088126,13.253931953369138,16.73913454069099,PF,SF,11.977442164088126
Jaren Jackson Jr.,14.321976617662521,12.767626406719472,10.571260963390998,10.012040100433042,11.001589846356651,PF,PF,10.012040100433042
Paolo Banchero,12.779697073514804,13.068186679845219,11.329595095041,11.290430660144674,12.060502551134144,PF,PF,11.290430660144674
Julius Randle,11.372689511870899,11.996761687634741,9.931089719645584,9.585629100597124,12.827970729109134,PF,PF,9.585629100597124
RJ Barrett,10.057438242410104,7.847525243965438,6.78263415185577,8.780292001500875,13.617324658379369,SF,SF,6.78263415185577
Brandon Ingram,10.264896907452577,9.988493742118267,9.52172850878193,10.406263551951396,15.516083003995433,SF,SF,9.52172850878193
Brice Sensabaugh,10.111338662472106,8.548367235858251,8.157796721704893,9.903650795256748,14.47980805223773,SF,SF,8.157796721704893
LeBron James,11.844433811694312,13.47007276608559,11.483462333576961,11.543821486160937,13.869214652517934,C,SF,11.483462333576961
CJ McCollum,7.370183075156188,7.8908773648417965,9.730711004537415,12.660928227260003,17.787193541135778,PG,PG,7.370183075156188
Darius Garland,8.464823082339064,12.46716135597795,14.664099501144785,17.539921009105356,23.0698455812205,PG,PG,8.464823082339064
Cooper Flagg,10.729460221109587,10.14230722798637,9.127530299864244,9.356107960565588,13.675672235409799,SF,SF,9.127530299864244
Jerami Grant,9.400545014136902,7.692888958424876,6.43185014337519,8.741661566912729,13.70714469667376,PF,SF,6.43185014337519
Nickeil Alexander-Walker,8.148293485879808,6.53054489926901,8.08449380617097,11.242068413222505,16.798926046771463,SG,SG,6.53054489926901
Bam Adebayo,14.561073569672455,11.293315294224058,9.04534458644079,8.636188716038555,10.703949441173643,C,PF,8.636188716038555
Alperen Sengun,14.900073811389,16.22614344819884,13.259969322037076,11.669519187629952,10.091111286490106,C,C,10.091111286490106
Zach LaVine,9.530102305848457,7.882266510260708,9.262418283591135,11.758238238196288,16.668305963959078,SG,SG,7.882266510260708
Trey Murphy III,9.301530208474398,6.653673801925547,6.458728572660068,8.580966901968843,14.614868308761578,SF,SF,6.458728572660068
Riley Minix,12.53307437817019,9.600417028202534,8.193555274448885,9.672220379981493,13.99963613395595,SF,SF,8.193555274448885
Jalen Williams,7.359595744537741,8.601139871305788,9.218262541792573,11.398062816743654,16.802081190878102,SG,PG,7.359595744537741
Dejounte Murray,10.50602388984594,13.719697101034164,15.387331044943886,17.280840434052422,21.380267526702273,PG,PG,10.50602388984594
Alex Sarr,16.484277351871075,14.229685950857785,12.109567165197813,11.675982682187925,10.89920981303837,C,C,10.89920981303837
De'Aaron Fox,5.073963231719625,8.524588838654568,10.858372189913915,13.69382966310419,19.05887849507213,PG,PG,5.073963231719625
Desmond Bane,9.031806901978225,7.280515561538222,7.085558108626801,9.646584370003804,14.73009931307581,SG,SF,7.085558108626801
Chet Holmgren,17.70195983727264,14.573546447821006,12.145962300752428,11.79190812910725,10.563812753306214,PF,C,10.563812753306214
DeMar DeRozan,8.866250878390755,7.361426798207444,7.4659394001273665,9.479120220573845,15.184840359619928,PF,SG,7.361426798207444
Brandon Williams,4.936226194297178,8.651286641480722,10.740335293289142,13.130095813280526,18.17952400618212,PG,PG,4.936226194297178
Kon Knueppel,9.460220258711187,7.683003379871101,6.6470762128386225,9.111093705661947,14.237359019537726,SF,SF,6.6470762128386225
Bennedict Mathurin,7.441780429818806,6.078030491789738,6.289869275925314,8.350469714314103,13.367839951382743,SG,SG,6.078030491789738
Blake Hinson,13.515236875206988,10.635516311363945,8.892082729029534,9.724889076868081,14.345119888332931,SF,SF,8.892082729029534
GG Jackson,11.639206374965513,9.989531153772806,7.355446291239098,7.591310338471685,10.201999844016985,PF,SF,7.355446291239098
Jaden Hardy,7.884860964027357,8.202941460330601,9.89211511663196,12.769288916388255,17.73477204614928,SG,PG,7.884860964027357
Cormac Ryan,8.463723515108201,6.6120457103751615,7.971088893194816,10.74134005961324,15.283124490635828,SG,SG,6.6120457103751615
Aaron Gordon,11.824853829993318,8.668705577773341,6.24680015992296,6.424191739909634,10.629363105275718,PF,SF,6.24680015992296
Moritz Wagner,13.829796039401053,10.878282206320824,8.63244071166643,8.410982476014343,9.462316909857812,C,PF,8.410982476014343
Grayson Allen,5.268905575681284,6.004151198275493,8.96154821961445,12.178359537955863,17.803927179996723,SG,PG,5.268905575681284
Anfernee Simons,8.410587110455277,6.931367288303851,9.363345751691838,12.305725858219983,17.90903494533954,SG,SG,6.931367288303851
Scoot Henderson,5.26479934945698,7.376376085691352,9.595290627177144,12.804308041900095,18.361165675449055,PG,PG,5.26479934945698
Evan Mobley,16.196108212979926,14.076409904511776,11.117796921824981,10.214026408891707,8.215850263040728,PF,C,8.215850263040728
Malik Monk,6.78843116839924,7.545748148947196,9.726423143529269,12.656640366251855,17.78290568012763,SG,PG,6.78843116839924
Jarrett Allen,18.283607741330457,14.50380391735276,10.934188758262774,9.037626277894809,7.285333787244463,C,C,7.285333787244463
Saddiq Bey,10.88443116003319,7.759384565078803,5.194847775618947,7.212129099030225,13.006719360669653,SF,SF,5.194847775618947
Keldon Johnson,12.524815655405135,9.39976906045075,7.259759870404591,8.170463349093664,11.78387204615766,SF,SF,7.259759870404591
Bobby Portis,15.842225976383876,12.766749373056854,9.49564736766611,8.904950991970823,10.43966239731551,C,PF,8.904950991970823
Paul George,10.267835343450182,8.406480957734981,7.661976662122436,8.597055614129719,13.646738115984984,PF,SF,7.661976662122436
Jordan Poole,6.381418501099544,7.665705213007896,9.971486695094027,12.901703917816612,18.02796923169239,SG,PG,6.381418501099544
Paul Reed,17.731016559275638,15.631399777306406,12.998098002932272,12.758813394700995,11.389259210490875,C,C,11.389259210490875
Matas Buzelis,10.684626048325919,9.255827630619214,8.084370760300557,8.85840937271223,11.411310867224575,PF,SF,8.084370760300557
Caleb Houstan,12.676256215495425,9.181983325371107,8.061739679612433,9.221975436508462,12.892818283568952,SF,SF,8.061739679612433
Stephon Castle,7.78444259144361,9.298122271730232,7.709838642243644,10.52622643121325,16.083084064762208,PG,SF,7.709838642243644
Jrue Holiday,7.575319246380071,9.397784677950604,9.581763692572036,12.104500336239518,17.634424908354656,PG,PG,7.575319246380071
Jeremiah Fears,4.862524887022651,6.669101634346661,9.098959664492774,12.305292269529653,17.86214990307861,PG,PG,4.862524887022651
Payton Sandfort,14.878880532176305,12.102973246430722,9.676298680599901,11.548795330795379,16.526256448797298,SF,SF,9.676298680599901
Miles Bridges,10.310996030155117,7.056052579854557,5.601573527154973,7.049555027339618,12.297363830433206,PF,SF,5.601573527154973
David Roddy,15.597666608360887,12.479192915906236,11.1270908566826,11.14043293562532,11.98696188621417,PF,SF,11.1270908566826
T.J. McConnell,8.89263999638445,12.292407060213119,14.684706475509056,17.370379987934538,21.722220723573322,PG,PG,8.89263999638445
Cam Whitmore,10.879100695536815,7.842564915086197,5.929299133482702,6.665902841599927,12.232983661036593,SF,SF,5.929299133482702
Ayo Dosunmu,7.117173284676023,5.975396470539963,8.172334615706795,10.7333608770838,15.650922147652224,SG,SG,5.975396470539963
Jaime Jaquez Jr.,7.771583566816905,8.641618487627031,7.296433404654502,8.69950361294389,13.224779932490332,SF,SF,7.296433404654502
Klay Thompson,9.623115110422118,7.117422083729966,7.545702842725093,10.024815162315655,15.572235142504429,SG,SG,7.117422083729966
Andrew Nembhard,5.4778957543164415,8.64085050523905,11.121955931336867,14.064336037865013,19.19060135174079,SG,PG,5.4778957543164415
Scottie Barnes,10.583832264151344,12.010784095687857,9.839988635254008,8.86009465189951,10.408404121266686,PF,PF,8.86009465189951
Zyon Pullin,10.36062688395655,11.719564393900049,13.506541210887749,15.582394513509136,19.061886810977374,SG,PG,10.36062688395655
Ryan Rollins,5.099315972506831,8.495781618288776,10.287515947694532,13.203951414469334,18.76080904801829,PG,PG,5.099315972506831
Olivier-Maxence Prosper,11.250271205006682,7.61036702822343,4.819191360180145,5.83137556948845,10.24781328361196,PF,SF,4.819191360180145
Scotty Pippen Jr.,10.152266946788352,13.890395405074385,15.75765593189291,18.44012555843618,23.996983191985134,PG,PG,10.152266946788352
Koby Brea,9.706522158234995,8.038225898182494,9.235994798123706,12.199956887346781,17.908159051650305,SG,SG,8.038225898182494
Dariq Whitehead,10.395108797875286,8.43908501045674,7.466711108875593,9.632328880892427,14.666522019145356,SF,SF,7.466711108875593
Trevor Keels,21.71818393780786,20.48839447157126,20.304962419905795,22.593405631442455,27.958625225216753,SG,SF,20.304962419905795
De'Anthony Melton,6.6535250256338125,7.4703996419673,9.840125997131285,12.532796827505672,18.08965446105463,SG,PG,6.6535250256338125
Domantas Sabonis,15.416344312832027,15.611581619305392,13.060807264193565,11.94167436172998,9.419240579549488,PF,C,9.419240579549488
Seth Curry,10.621420317640847,9.541203818485348,11.07075958421889,13.588161521518977,18.865833615793726,SG,SG,9.541203818485348
D'Angelo Russell,5.694958726744242,9.591079039435447,11.581412872852122,13.957109012799002,19.083374326674775,PG,PG,5.694958726744242
Josh Giddey,10.741598433131426,12.002846073562088,10.127588118757254,12.455231420205282,15.870193691295462,SF,SF,10.127588118757254
Nikola Vučević,15.506638446628669,12.723360554833063,10.169296915848472,9.036495711046452,10.17404359560026,C,PF,9.036495711046452
Zach Edey,26.86514576094384,24.862177860506137,21.814695343739995,19.743373580667853,14.21826527311246,C,C,14.21826527311246
Zach Collins,16.3289465882488,12.892654532643803,9.307124357909371,7.86982532114326,7.124224730622222,C,C,7.124224730622222
Cedric Coward,8.316104232152098,6.503152638438088,6.04308306427828,7.8336324324296545,11.936705771579053,SG,SF,6.04308306427828
Jonathan Kuminga,9.490781834958662,8.041761937233042,5.327721198117967,6.157715006214375,9.979389038605554,SF,SF,5.327721198117967
Payton Pritchard,6.70408702222717,7.735687258514873,9.838518264179479,12.65798267050197,18.366184834805495,PG,PG,6.70408702222717
Ajay Mitchell,5.09247205101766,5.217171223227529,7.687355391798433,10.522812864988703,15.976056476531802,SG,PG,5.09247205101766
Kevin Porter Jr.,6.908466848826186,8.5115139992561,9.696512814231195,12.50788631842758,18.06474395197654,PG,PG,6.908466848826186
Russell Westbrook,7.205427367950271,9.481191281351105,10.413951225152784,12.897494631872158,18.34898899998082,PG,PG,7.205427367950271
De'Andre Hunter,8.211029624312864,6.801417876154493,5.486549817087274,7.374927807470175,12.381811357887553,SF,SF,5.486549817087274
Marvin Bagley III,18.326182639612245,14.48155681925537,10.896026644520937,9.153784617449725,7.102214671146553,PF,C,7.102214671146553
Dylan Harper,6.354634274737355,6.492067178313266,6.139277933233248,8.688141310804694,13.656046430757007,SG,SF,6.139277933233248
Tre Jones,5.422362116332608,7.5186853844358055,10.004784568651154,12.620805457346503,17.18444582064985,PG,PG,5.422362116332608
Naz Reid,13.142084843736281,10.89243941802186,7.87116634715281,7.763260630484787,8.363662262703237,C,PF,7.763260630484787
Isaiah Joe,8.187575501964497,6.3652866159494685,7.925707638531705,10.824463420982932,16.775542659411066,SG,SG,6.3652866159494685
DaQuan Jeffries,15.266525521579096,11.775619425952028,11.038307000637044,12.35652637603546,16.87226696863978,SG,SF,11.038307000637044
Reed Sheppard,6.039141712073251,7.067269586718202,9.6462970922084,12.101957373719788,17.583159638276374,SG,PG,6.039141712073251
Naji Marshall,7.548919188096566,5.25237603628248,4.769375743491523,6.538982358149262,11.478012460994908,SF,SF,4.769375743491523
Chris Livingston,17.30685950101936,14.727856723396005,13.71387486848331,14.962252831079995,18.237349323374165,SF,SF,13.71387486848331
Immanuel Quickley,4.208093548529561,6.366341050239709,8.819501051317301,12.057894352353646,18.19668883633035,PG,PG,4.208093548529561
Bones Hyland,4.5012976832044735,6.47332954116502,8.624451259698349,11.833468674421303,17.390326307970263,SG,PG,4.5012976832044735
Kyshawn George,7.138957672945915,7.5978955499144005,7.49323668184206,8.466099996230017,13.37060685134156,SF,PG,7.138957672945915
Sandro Mamukelashvili,12.505756619051407,8.789917124189598,5.491264989205744,4.625101092598532,7.720704022991424,PF,PF,4.625101092598532
Simone Fontecchio,8.147399498014588,5.336712719879517,3.7122891286918676,6.457481855705115,12.275772908619372,SF,SF,3.7122891286918676
Tre Johnson,6.312778595957592,5.737699665151282,7.611838165386654,10.554218271914797,15.680483585790572,SG,SG,5.737699665151282
Tim Hardaway Jr.,9.121546793897405,6.197081447015372,7.375514892443449,10.274270674894677,15.82169065508345,SG,SG,6.197081447015372
Andrew Wiggins,8.25563767789516,5.312230162289761,5.0608846247677945,6.750125141164944,11.883727656948473,SF,SF,5.0608846247677945
LJ Cryer,8.550655179620248,7.606898674707477,9.673967218959222,12.5224230756603,18.069843055849073,PG,SG,7.606898674707477
Thomas Bryant,15.46579800632634,11.753247112483098,8.625908233567445,7.228674916980334,6.224335730465727,C,C,6.224335730465727
Micah Potter,13.743339033412942,10.053310103804641,6.989912571394057,5.834912466380863,6.522138686091733,C,PF,5.834912466380863
OG Anunoby,9.978048517478793,6.83499321948859,4.759812630373835,5.897940292936635,10.146185730881902,SF,SF,4.759812630373835
Caleb Love,5.952606501051487,6.342469649344372,7.749525926909914,10.514261023181215,15.64052633705699,SG,PG,5.952606501051487
Santi Aldama,12.001467547916674,8.88503575901416,5.816400621180692,5.594520643064094,8.481750384536717,PF,PF,5.594520643064094
Leonard Miller,13.334618257986433,9.768827272526403,6.361508589765056,5.67904437374574,7.0145569949405555,SF,PF,5.67904437374574
Anthony Black,5.397149004333332,4.913892342672837,5.293312982621744,7.9427619247444,13.499619558293361,PG,SG,4.913892342672837
John Collins,12.653234006346453,8.81118665392353,5.704954382618751,4.760582833389686,8.65757460494499,PF,PF,4.760582833389686
Ace Bailey,9.233917428318119,6.3817237918340455,5.3458968129564886,6.2986114849975285,11.238841339667339,SF,SF,5.3458968129564886
Jalen Suggs,6.645674799722121,8.338574269477277,9.84408501029596,12.299745291807348,17.780947556363934,PG,PG,6.645674799722121
Kel'el Ware,19.303605498793868,15.95777615245357,12.482702171492358,11.085468854905244,8.648890469128391,C,C,8.648890469128391
Quenton Jackson,4.334581419529693,5.716076213269968,7.9130143584368,10.593988155564839,16.12391272767998,PG,PG,4.334581419529693
Tyrese Proctor,4.156751946362463,6.148076759899887,9.105473781238842,12.322285099580256,17.879142733129214,PG,PG,4.156751946362463
Luka Garza,16.014436855235527,12.129173512055866,9.467434384509206,8.182164886039061,7.851254228746349,C,C,7.851254228746349
Charles Bassey,23.37802971845063,19.56585797409626,15.902135675504042,13.348317835241337,9.795415633533118,C,C,9.795415633533118
Tyson Etienne,7.180722196282102,6.114507026099392,9.059345003662562,11.735557566793007,17.558240522573865,PG,SG,6.114507026099392
Joan Beringer,23.30752493521134,19.495353190856967,15.831630892264752,13.277813052002045,11.008792474068485,PF,C,11.008792474068485
Kyle Kuzma,8.497384448092246,6.518929058287934,4.400169753531152,5.329382760584053,10.146930646379294,PF,SF,4.400169753531152
Branden Carlson,17.024015607312364,13.678186260972058,10.028714739732562,9.18382929251931,8.800786506385105,C,C,8.800786506385105
Mac McClung,8.060405592961486,9.093206559273026,11.114873840476605,13.177878673445965,18.06652468223281,SG,PG,8.060405592961486
Mark Williams,23.23616830110237,19.342301972055413,16.43787636283882,14.829901299309359,11.3355985649571,C,C,11.3355985649571
Jalen Smith,15.098190109516956,11.540926392592937,8.086985840105124,6.9715861553632905,6.240988159797899,PF,C,6.240988159797899
Peyton Watson,9.498285825729074,6.61976278585136,5.126320068171392,6.027822306313988,9.364100428668037,SG,SF,5.126320068171392
Nick Smith Jr.,7.078881942511033,7.023652651627139,8.652948007811089,11.595328114339233,16.79030343670691,SG,SG,7.023652651627139
Corey Kispert,8.27358357669009,5.271584519276684,4.889361711941556,6.888964657085114,12.597166821388635,SF,SF,4.889361711941556
Jaylon Tyson,9.268426432307743,6.3104401784500626,3.5997021881006344,5.558647346794317,10.173009082950747,SG,SF,3.5997021881006344
Johnny Juzang,10.297596523387982,8.057273455962914,5.383406458486899,5.806359175587008,10.159049599260374,SG,SF,5.383406458486899
Onyeka Okongwu,11.848292355867809,8.84503197667143,6.216974517167413,5.13000283285203,6.378929487021187,C,PF,5.13000283285203
Amen Thompson,8.036654732976743,6.987995343037282,5.973524852664509,7.649056452017025,10.518128058362564,PG,SF,5.973524852664509
Kyle Filipowski,12.300356091908178,10.735088467502678,8.32222504739027,7.362141734671925,6.757734755749167,C,C,6.757734755749167
Keshad Johnson,11.677826314254139,8.419895689725646,5.673875493046475,5.74401155787126,9.495837857985764,SF,SF,5.673875493046475
Jordan Clarkson,7.597112408036863,5.38204056486485,6.0647168006494825,8.889620312863167,14.332147215867975,SG,SG,5.38204056486485
Brandin Podziemski,5.22869374584502,3.8055530041808137,5.193782575379945,7.813457116848772,13.26003070443792,SG,SG,3.8055530041808137
Grant Nelson,19.699056998582467,18.98206543451826,17.244979465834103,16.20412102237682,15.907474630060232,PF,C,15.907474630060232
MarJon Beauchamp,6.4707817545157695,4.812716185629525,3.6942624465239633,6.3829169577747855,11.715029562425052,SF,SF,3.6942624465239633
Devin Carter,4.24478131926154,6.68660219976084,7.366798832381118,9.658658782642174,14.798367491686284,PG,PG,4.24478131926154
Derrick White,5.259820303727123,5.6984896894220345,7.888769790101354,10.017728572256864,14.84951685260096,SG,PG,5.259820303727123
Sam Merrill,7.720392910058959,4.902520785464647,6.4818386537210895,9.309457447543192,15.017659611846712,SG,SG,4.902520785464647
Jared McCain,5.674305981852933,4.709961880593535,6.726730499095131,9.625486281546358,15.324395571002219,SG,SG,4.709961880593535
Julian Strawther,7.772864396361879,4.705501602641797,4.519995691616003,7.215799477916884,12.763219458105658,SG,SF,4.519995691616003
Tobias Harris,9.595827288499281,6.15430866029857,4.324690186171949,4.897470507917485,10.736538107089247,PF,SF,4.324690186171949
Gary Payton II,9.78551634427241,8.903449917511534,8.833715407163702,9.532267745259581,12.291537857759263,SG,SF,8.833715407163702
Javon Small,3.758691304828206,6.232451514539602,7.757331314197465,10.686887328444138,16.243744961993094,PG,PG,3.758691304828206
Jock Landale,16.05274529369404,12.389764391478161,8.740292870238662,7.488327725660316,6.966774740461728,C,C,6.966774740461728
Buddy Hield,5.825439312266551,3.8171283248114873,4.72274233116789,7.519910186648637,13.076767820197595,SG,SG,3.8171283248114873
Sharife Cooper,5.451726567239403,8.867938933482602,11.064877078649436,13.62590334002644,18.014786261990114,PG,PG,5.451726567239403
Jaylen Wells,6.873959344244947,3.955955698853255,4.0793990349248785,6.972717672974132,12.92379691140227,SG,SG,3.955955698853255
Jacob Toppin,23.47742686081795,20.34886752652967,19.52696752738626,19.710138769266386,21.281519460476684,SF,SF,19.52696752738626
Moses Moody,7.009453451433239,3.3866484338464664,4.0733541750243365,6.532817947261778,12.510830247123735,SG,SG,3.3866484338464664
Jaden Ivey,4.5220264687690745,3.718065890788546,5.492775391272454,7.873230265983814,13.403154838098954,SG,SG,3.718065890788546
David Jones Garcia,12.137911432005648,13.463882796171184,12.919392340128486,14.8588295812308,19.45603293092784,SF,PG,12.137911432005648
Oscar Tshiebwe,20.402534812963935,16.74959301696648,13.464240234223016,12.220044370830426,10.693199396243225,C,C,10.693199396243225
Maxime Raynaud,16.3202789853668,12.458537249385067,9.316947593116703,8.121069284115144,6.964315017191694,C,C,6.964315017191694
Derik Queen,11.764439233428519,11.897014854598652,9.7262193941648,8.18185988918573,8.01423110260118,C,C,8.01423110260118
Nate Williams,10.26084419170468,8.090011859497569,8.338942722828206,10.244844458555594,13.76863000104282,SG,SG,8.090011859497569
Will Riley,6.190758682395596,4.733012914686167,5.315063228851107,7.150269181960397,12.347630068498113,SF,SG,4.733012914686167
Jaden McDaniels,8.743599272015166,6.196700955988873,5.915998379299139,7.060728486656146,10.971447563120627,PF,SF,5.915998379299139
Ivica Zubac,19.974467128832696,16.80716395198281,13.237548792892824,10.822755486650932,7.235839100220989,C,C,7.235839100220989
Walker Kessler,23.36239334372036,21.52582594190126,18.698720525625628,16.989633168036526,12.051019758321475,C,C,12.051019758321475
Day'Ron Sharpe,17.582363749182278,16.679331560701698,13.956237664946844,11.919701165587565,8.707588965811649,PF,C,8.707588965811649
Cam Spencer,6.507770225771899,7.169015325851105,9.39622718323645,11.245824182266475,16.654700477949657,SG,PG,6.507770225771899
Aaron Nesmith,7.377694602388103,4.2388470405161085,4.367197078372377,7.101991986807778,12.64941196699655,SF,SG,4.2388470405161085
Max Strus,9.99393542373935,6.580884022204783,6.1711559731258765,8.537981285476366,12.566393092617663,SF,SF,6.1711559731258765
Malaki Branham,6.260539952175911,3.9602007501573073,4.660729751698356,6.906466008864724,12.61206097096068,SG,SG,3.9602007501573073
Kennedy Chandler,5.488302591456923,8.763425953164356,10.663944423688566,13.461587912080155,18.592578849126372,PG,PG,5.488302591456923
Daniss Jenkins,3.7006177435926775,6.8910846617435695,9.730707576777403,12.795720904908544,18.352578538457504,PG,PG,3.7006177435926775
Deandre Ayton,21.942901661061395,18.130729916707025,14.467007618114812,11.9131897778521,7.482538288818984,C,C,7.482538288818984
VJ Edgecombe,4.442333862647381,3.3889743969624035,4.908219735099026,8.12503105344044,13.95476557785724,SG,SG,3.3889743969624035
P.J. Washington,10.497829102507714,7.399892287664312,4.0034034355494486,4.227223194393076,7.243726655642323,C,SF,4.0034034355494486
Quentin Grimes,5.399323785858236,2.720417861593392,4.545874631155395,7.021815101938294,12.262561207291407,SG,SG,2.720417861593392
Devin Vassell,6.554907558772627,3.539723108580386,4.882459728828357,7.730915585529435,13.415416958558126,SF,SG,3.539723108580386
Jay Huff,15.616275918019525,11.809971242617667,8.98953017998774,8.021539506019092,9.265439712383161,C,PF,8.021539506019092
Miles McBride,5.2691714037950055,4.381298633827365,7.035043977593961,9.847208076606766,15.959069499149653,PG,SG,4.381298633827365
Noah Clowney,8.73587628292215,5.487923813092276,4.712345587852117,5.614541492965236,9.67188904221109,PF,SF,4.712345587852117
Asa Newell,13.341546888927695,9.461023503617552,6.599851429686518,6.06858723431309,7.66916171801571,PF,PF,6.06858723431309
Emanuel Miller,10.21975662098706,8.2979304631265,8.75959989137988,11.747728433545587,17.781159652081996,PF,SG,8.2979304631265
John Poulakidas,8.870928074380506,5.107700805088162,5.94863096362862,8.547474336181656,14.209375107847766,SG,SG,5.107700805088162
Isaiah Collier,6.55899374450531,8.367782242535094,9.464372545530257,11.525803053656244,16.39585369459224,PG,PG,6.55899374450531
Jarace Walker,7.179745405834936,5.830267886942206,4.768175637931581,5.891422705338034,9.761659148496094,PF,SF,4.768175637931581
Jordan Miller,6.145404655633443,3.2977736043795605,4.769499814912283,6.816635174478452,11.373477056107989,SF,SG,3.2977736043795605
Jabari Smith Jr.,11.321593548332697,7.516573606039488,5.016447036327617,5.18530352279546,8.900438550175208,PF,SF,5.016447036327617
Terrence Shannon Jr.,8.824385262030606,5.206069509761861,5.245415121122316,7.367736127366869,12.860392414322616,SG,SG,5.206069509761861
Gui Santos,6.556399143371224,5.782222908872533,4.218948085620508,6.074396775065962,11.166658811868363,PF,SF,4.218948085620508
Kelly Oubre Jr.,7.994387505319075,4.230094303337357,2.8609976761414373,5.006021798346614,10.98403409820857,SF,SF,2.8609976761414373
Bilal Coulibaly,6.67717629239557,4.23747484501293,4.388140635845361,6.2045087236072884,10.734923620688422,SG,SG,4.23747484501293
Eric Gordon,13.003336245492134,10.712912601103026,10.702513194043247,12.860924474906005,16.96176959108456,SG,SF,10.702513194043247
Kevin Huerter,5.413834339138883,3.8503919877459283,4.299957459516743,6.442630761852923,12.581425245829626,SF,SG,3.8503919877459283
Ziaire Williams,8.528641376035663,5.825436028752368,6.6583855417366005,8.394931038775981,14.15486044453785,SF,SG,5.825436028752368
A.J. Lawson,9.604773412529358,6.278047171602411,6.4076268759846755,8.55442087511329,14.46791991200087,SG,SG,6.278047171602411
Donovan Clingan,22.227566746450286,18.274881738685266,14.59875671580703,12.610291416842678,8.522389698280282,C,C,8.522389698280282
Dennis Schröder,3.346007221985481,6.801969976621102,9.956455603701148,12.54708384350024,18.191489207092715,PG,PG,3.346007221985481
Jayson Kent,17.419696574251844,13.927404580963055,11.94308149024454,11.705351355705703,12.048897716208355,SF,PF,11.705351355705703
Khris Middleton,6.314268657977601,5.71044793953627,4.942826189986777,7.097852753921895,12.224118067797672,SF,SF,4.942826189986777
Duncan Robinson,9.421657480089156,5.73615925932738,4.896482493899964,7.072334023034389,12.734234794700502,SG,SF,4.896482493899964
Cole Anthony,6.664964130254093,10.130432011734646,11.424369752825683,13.242982824691477,18.694477192800136,PG,PG,6.664964130254093
DaRon Holmes II,12.360281653455763,8.615526703148788,6.4356872843443345,5.583591771850051,8.854271941970778,PF,PF,5.583591771850051
Collin Gillespie,3.783587764235504,5.009427180636082,7.758185794332355,10.682107955417514,16.38770291751347,PG,PG,3.783587764235504
Quinten Post,12.311979221351551,8.715868401251607,5.987340259246745,4.947753696731688,6.794590237391603,PF,PF,4.947753696731688
Myles Turner,14.610030890294901,10.233896552883358,7.971432526856046,6.950499132093363,7.409541326333644,C,PF,6.950499132093363
Jamal Cain,9.174700569243605,5.894094191525562,5.520217278772017,6.64563427686503,11.874138398510581,PF,SF,5.520217278772017
Isaiah Stewart,16.136699776095817,12.144221066252591,8.97782977339695,7.280001233391268,6.99931993517999,C,C,6.99931993517999
Mikal Bridges,7.474040406265198,4.172853739144345,4.7882892290936,6.971648728121282,12.840695326183958,SF,SG,4.172853739144345
Daniel Gafford,21.595171400718037,17.835600758402485,14.377740324353237,11.95722308454967,6.967585953491345,C,C,6.967585953491345
Josh Minott,10.71545299561748,6.635774350246729,5.270255244569475,5.0812790461847674,9.616042590279603,SF,PF,5.0812790461847674
Alondes Williams,11.064419284417331,7.910187232114383,7.621332838272697,7.915780502961893,9.458366717363853,SG,SF,7.621332838272697
Cameron Payne,6.238774771720386,7.10353017938219,9.973991768018909,12.47927723557874,18.732552511032782,PG,PG,6.238774771720386
Tre Mann,4.606531695956228,5.68660987716296,8.34691188917166,11.300101381099719,16.856959014648673,PG,PG,4.606531695956228
Tristan Enaruna,10.570358292383458,7.119401364964677,5.396514750208709,6.183261503890321,10.666025918677438,SF,SF,5.396514750208709
Justin Champagnie,11.251230708815083,7.3150461530351,6.016108475566263,6.227697464148337,7.994124014343287,SF,SF,6.016108475566263
Jett Howard,10.429349807357159,6.51690226415266,6.006995379229818,7.802087942462558,13.463988714128668,SF,SF,6.006995379229818
Pelle Larsson,6.45036969342684,3.8219984380900955,4.941581609307841,6.4377766518142625,10.92703880530572,SG,SG,3.8219984380900955
Aaron Wiggins,4.752987614145442,2.926071297107847,4.200827512506673,6.881472118769448,12.31894798886001,SG,SG,2.926071297107847
Marcus Sasser,3.7794539676713663,6.267008157264905,9.859228848241766,12.56829348176749,18.23963190679379,PG,PG,3.7794539676713663
Jahmir Young,7.594482169857052,8.929334280790217,11.702066040396906,14.424448988201995,19.82359119294561,PG,PG,7.594482169857052
Jakob Poeltl,20.160464551132204,16.052403781530963,12.738866592391469,10.174026107678145,7.2400568940583,C,C,7.2400568940583
Danny Wolf,11.207767994049634,8.464401240327767,7.172981531128404,6.124894195331247,6.545036458347003,PF,PF,6.124894195331247
Gradey Dick,7.278371813026254,3.8853474640587065,4.9875851841458445,7.197043607025953,13.28953669836525,SG,SG,3.8853474640587065
Zaccharie Risacher,9.16817972936649,5.163746538616167,3.3638276540545196,4.704914635827111,10.5019083012564,SF,SF,3.3638276540545196
Nikola Jović,8.048400234637647,7.131464752972409,7.057665409063142,6.687995541041417,10.486117498954826,PF,PF,6.687995541041417
Trey Alexander,10.114997090219775,7.396467430197268,8.316588902598182,10.047216706995474,15.319564742344951,SG,SG,7.396467430197268
Kenrich Williams,9.301053881856328,5.332651916737857,3.145572564688782,4.3323688929343085,9.5812570047127,SF,SF,3.145572564688782
Nic Claxton,14.961948343406576,11.8785419387439,9.181261929398351,7.4075899484440555,5.974594187839415,C,C,5.974594187839415
Precious Achiuwa,15.30492415332094,11.129074666955113,7.756851134701307,5.7297474911763215,5.349474017331612,C,C,5.349474017331612
Rob Dillingham,4.603475714454476,7.601880103487419,10.102790531350134,12.785856197537278,18.34271383108624,PG,PG,4.603475714454476
Harrison Ingram,27.64943691051628,23.844423064505122,22.8764767632047,22.78105018469261,24.088800745359542,SF,PF,22.78105018469261
Max Christie,8.196239699269043,4.858673745930041,7.030730147109171,8.828323852306772,14.42669732455438,SG,SG,4.858673745930041
E.J. Liddell,11.689950339381557,7.209951614062009,5.635340436284152,4.662984826413382,8.054748175591618,PF,PF,4.662984826413382
Tyler Burton,8.996836533480192,5.166730708594322,4.340075689459955,6.540829719251312,12.633322810590606,SF,SF,4.340075689459955
Sean Pedulla,11.948252402121028,13.287125487465943,15.712750411307757,17.688961097326008,23.291799996189237,PG,PG,11.948252402121028
Haywood Highsmith,13.698511254882353,9.674292213422605,9.916551088764944,10.561579667658807,14.934002586288479,SF,SG,9.674292213422605
Yanic Konan Niederhäuser,20.535909841323516,16.449474332894592,13.950782847596754,10.857126164696968,6.490421150605364,C,C,6.490421150605364
Ronald Holland II,9.220211875541514,5.734225035391863,4.8618258541413315,5.312873989415854,10.075768661126709,SF,SF,4.8618258541413315
Jusuf Nurkić,16.537509911063577,17.05511677269654,14.607606627635645,13.092430775598615,11.278155778433332,C,C,11.278155778433332
Dalton Knecht,8.881215034875687,4.835335066984783,3.6573435674747303,5.616181832911762,11.06628292777148,SF,SF,3.6573435674747303
Jaxson Hayes,23.40463210495862,19.16396062221361,15.775822074315363,14.120958145932711,13.347832856939945,C,C,13.347832856939945
Blake Wesley,4.207738507670964,6.089223358221847,8.541487272574734,10.332515502333026,15.558527251853269,SG,PG,4.207738507670964
Egor Dëmin,6.103727647760606,4.622102941160491,6.118494268595762,7.652214918213842,13.17952633647761,PG,SG,4.622102941160491
Jamaree Bouyea,5.238963789053028,4.798947467409717,6.581936120288638,8.013561678555822,13.854243582771153,PG,SG,4.798947467409717
Tolu Smith,21.02351857248954,16.52874929930874,14.054957180343171,10.881770186078679,6.327044685335618,PF,C,6.327044685335618
Daeqwon Plowden,8.656112618217197,4.851898940066362,5.980774276783455,7.748532323127484,13.293339149464886,SG,SG,4.851898940066362
Isaiah Jackson,17.642548410626123,14.532431699122752,12.389531685921476,11.059913882273182,8.356708980742388,C,C,8.356708980742388
Jase Richardson,7.079379868971475,5.074915445109402,7.002168804406526,8.429466946979591,14.422329323606672,SG,SG,5.074915445109402
Svi Mykhailiuk,9.895347933438735,5.696215691021451,6.140707704747461,7.50450606081125,12.92836056971729,SF,SG,5.696215691021451
Landry Shamet,8.634206543637186,5.6226382703024775,7.44430088241018,9.062853055441055,14.332698211776236,SG,SG,5.6226382703024775
Bradley Beal,6.9174902867833294,6.1663934291993385,8.283063922465658,10.562450550915095,15.686102710939501,SG,SG,6.1663934291993385
Rui Hachimura,12.206138257216688,8.523606391761785,7.3209668863131325,6.996821715063159,11.10014887467353,PF,PF,6.996821715063159
Tari Eason,9.619738033311718,6.2869322995440955,4.566515400786558,4.995646890313459,8.92626093331426,PF,SF,4.566515400786558
Keegan Murray,10.800952211654746,7.191198740916307,5.369334376553479,4.986539702173941,8.54024431138432,SF,PF,4.986539702173941
Kevin Love,14.80177136076708,10.801597300256994,9.767731427998838,8.408460880635486,8.174548812873484,C,C,8.174548812873484
PJ Hall,19.00780286253719,16.225047516517215,13.867975261359883,11.582827157088797,8.237218693329314,C,C,8.237218693329314
Wendell Carter Jr.,15.37965638099191,10.802949195807074,8.367684816791964,5.857796382872952,5.9522316231576085,PF,PF,5.857796382872952
Neemias Queta,21.17504639717876,16.999196910812934,13.626973378559125,10.697911586310347,5.170191046992006,C,C,5.170191046992006
Toumani Camara,8.938963736918007,4.58353934973397,3.029526438649561,3.543598911396137,8.944044084585784,PF,SF,3.029526438649561
Julian Champagnie,11.289484845285054,6.647955663721044,5.283817304442437,6.256349145919938,10.344426549590953,SF,SF,5.283817304442437
Nolan Traore,4.157559926326836,7.13666450003416,10.164686275017992,12.246021143594229,17.800265623291814,PG,PG,4.157559926326836
Tristan da Silva,9.431943034602241,4.797153155451115,3.8295140861307044,5.10577546493181,11.081174610942394,SF,SF,3.8295140861307044
Donte DiVincenzo,5.201706102218684,2.4902536368255066,5.28694450871477,7.577937036727936,13.714118366853269,SG,SG,2.4902536368255066
Cameron Johnson,10.287465985870933,6.022787274567492,5.924423456309164,6.673824494950249,11.775102781916425,PF,SF,5.924423456309164
Trendon Watford,10.684776123974068,10.143653420319929,8.164071936750553,6.244823011688141,7.687782009485993,SF,PF,6.244823011688141
Buddy Boeheim,17.97217036408501,14.99141348543962,16.65450899305044,18.74553467928641,24.18497824018352,SF,SG,14.99141348543962
Chaney Johnson,11.014510455562812,7.367589780743684,5.872953804565934,5.142368304458288,7.105096226620825,SF,PF,5.142368304458288
Aaron Holiday,7.559504597078459,6.053864265699819,8.84089950795974,10.569906870881713,16.39135299951236,PG,SG,6.053864265699819
Jalen Wilson,9.230889392957556,5.492760934671522,5.2741239000386155,6.55756632410243,12.038845851021328,PF,SF,5.2741239000386155
Antonio Reeves,15.853988430875692,11.704426180085772,12.850143041931378,14.074641924260586,18.543780131281487,SG,SG,11.704426180085772
Garrison Mathews,10.770173733048837,6.938329725369561,7.860613353787051,9.599039815598395,14.748225773416886,SG,SG,6.938329725369561
Josh Hart,8.063288768490233,6.7938488338280685,6.385124751162205,7.438342266189846,10.092813097263571,SG,SF,6.385124751162205
Myron Gardner,11.691790274628667,7.5761109719203725,6.751974800863533,6.567105303492228,8.576541216254213,SF,PF,6.567105303492228
Drew Eubanks,17.999240951265588,14.264093150028305,10.985976757276724,8.035332982333015,5.404331108492162,C,C,5.404331108492162
Vít Krejčí,8.489148683521256,4.952569449406454,5.448121974968007,6.578876858760231,12.199522680688842,SG,SG,4.952569449406454
Justin Edwards,9.121626198637811,5.161630510162132,5.204141616660696,7.102594216502965,13.215074755353468,SF,SG,5.161630510162132
Nick Richards,18.92909451283115,16.260731154817705,13.397441272980975,10.15904797194463,4.984108308256554,C,C,4.984108308256554
Robert Williams III,23.581033681898322,19.34036219915332,15.952223651255066,13.54983680578971,9.847059385598843,C,C,9.847059385598843
Kentavious Caldwell-Pope,5.268184832085711,3.150534233267865,6.347580929954309,8.411485415523648,14.034439903713139,SG,SG,3.150534233267865
Javonte Green,10.920680611470535,6.460803933276943,7.195391030475728,9.208248704100342,14.677938092981277,SF,SG,6.460803933276943
Ousmane Dieng,6.549755603204381,5.824096878347208,5.968704740923997,6.89509123258463,11.68617970703161,PF,SG,5.824096878347208
Taylor Hendricks,11.242897376295641,6.832590689729412,4.140085819625047,3.3715936491441427,8.38928481642866,PF,PF,3.3715936491441427
Brandon Clarke,21.05596321631827,18.01395501819587,17.051578565655543,17.680607836218915,20.890003588198464,PF,SF,17.051578565655543
Drew Timme,12.546843985186033,9.17437532265825,7.9036401318627645,7.44278371730455,9.674438070851997,PF,PF,7.44278371730455
Taurean Prince,10.437608819286321,6.287246824037332,5.950726755049774,7.430972497645334,12.595924576796545,PF,SF,5.950726755049774
Jevon Carter,5.761286054513742,4.364707704052133,7.934322863142122,10.50972268609976,16.645904016225096,PG,SG,4.364707704052133
Collin Murray-Boyles,14.062137006782805,9.914858840921159,7.216086010827476,6.494906419877536,5.270381306970744,PF,C,5.270381306970744
Luke Kennard,9.830631400569697,6.02759461281177,8.183278435645164,9.617720242882777,14.113665711950734,SG,SG,6.02759461281177
Mohamed Diawara,8.98188586273417,5.080044050133284,4.164086323584191,4.4321314769178315,9.805156801792556,SF,SF,4.164086323584191
Brook Lopez,15.794961691401951,11.417638726670798,10.122437520842595,8.839563331195265,9.641904941316772,C,PF,8.839563331195265
Jordan Goodwin,8.979826313202816,6.111643011579786,6.266933660492913,8.08194596646719,12.645018159780925,SG,SG,6.111643011579786
Ron Harper Jr.,9.629760269487944,5.302390013712302,5.152849644604322,5.489726860149199,10.328471720402908,PF,SF,5.152849644604322
Pat Spencer,3.427190363853086,4.806556973526023,7.62044091628858,10.174258756551286,15.728503236248875,PG,PG,3.427190363853086
Bub Carrington,4.787594274105045,6.261538089722107,8.980846789661712,10.775060459355533,15.888043912607365,PG,PG,4.787594274105045
Bryce McGowens,9.45038553004064,6.38924726507857,7.737054065740157,9.10628956620592,14.161090577859664,SG,SG,6.38924726507857
Karlo Matković,17.553590791019587,13.123162057327399,10.07818339048422,7.567237108485027,6.454989057473096,PF,C,6.454989057473096
Tidjane Salaün,13.582400869507689,9.14967162792795,7.39864472158243,7.124338733369092,8.766669692743763,PF,PF,7.124338733369092
Goga Bitadze,20.794404432421036,16.44132813771412,13.698101529855235,10.868080647071709,6.302708423401654,C,C,6.302708423401654
Harrison Barnes,10.792996375715074,6.5938641332977905,6.187766276643005,7.086070408661636,12.125167477869393,PF,SF,6.187766276643005
Kobe Bufkin,10.16133878177539,7.784916824341173,10.152330094028605,11.165472721559528,16.287976922371943,SG,SG,7.784916824341173
Gary Trent Jr.,9.406331226406843,5.855689205158677,8.054892094182065,10.164822881547906,15.709629707885309,SG,SG,5.855689205158677
Al Horford,12.42596803545913,8.570500891982308,7.332636691199015,6.253456011588829,8.030052901320257,C,PF,6.253456011588829
Caris LeVert,6.356469710004246,5.738383143009053,6.710214254167873,8.121158592763482,12.394859742005954,SG,SG,5.738383143009053
Rocco Zikarsky,30.18351048729843,25.606803302113597,23.17153892309849,20.3366179609983,18.626174769322844,C,C,18.626174769322844
Chris Youngblood,10.918302696164668,6.96201951693734,7.337326262128046,8.877873004136866,14.422679830474268,SG,SG,6.96201951693734
Julian Reese,16.532686011799047,14.207505613400484,11.455931298723364,9.000529659941385,7.694924209911575,PF,C,7.694924209911575
Jeff Green,12.71868494560576,9.177183065753812,8.885270588763717,8.909762356891274,13.540229351953384,PF,SF,8.885270588763717
Walter Clayton Jr.,5.160990661498505,6.901535275479745,10.162109547666473,11.667632320770522,16.90137336940566,PG,PG,5.160990661498505
DeJon Jarreau,8.735118203936311,9.44071929362223,10.843144423714216,11.250359506275622,14.561283217429075,SG,PG,8.735118203936311
Ausar Thompson,12.71322466941834,10.041247526519623,8.521922678999557,7.9240138261021755,9.328287940583223,SF,PF,7.9240138261021755
Isaiah Hartenstein,19.185147144595742,18.490814135412393,16.109518931746095,13.448212749637355,8.92548299716758,C,C,8.92548299716758
Bogdan Bogdanović,7.653913383797113,5.201239711989215,6.692715247616749,7.840846511925416,12.964498671949823,SG,SG,5.201239711989215
Tyler Kolek,4.47270644313166,6.795954915752784,9.192281505687998,11.148241406348266,16.278448043930233,PG,PG,4.47270644313166
Christian Braun,10.273459523366958,5.936653935431983,5.374866895250779,5.97520130868844,10.340274314682574,SG,SF,5.374866895250779
Kadary Richmond,16.096759395368576,12.613803307348634,13.579660291476184,14.981401323799805,19.34577873568204,SG,SG,12.613803307348634
Derrick Jones Jr.,11.023246884060066,6.627043733607399,6.086181928660495,6.6942663922962335,10.516731829065225,PF,SF,6.086181928660495
Tyrese Martin,7.158024856163309,3.4847054073147343,3.5844528160821048,5.583249390376222,11.278074434067536,SG,SG,3.4847054073147343
Doug McDermott,12.000998051591623,8.409055641162208,8.47879015151004,9.377094283528669,14.752656625155709,PF,SG,8.409055641162208
Jordan Hawkins,7.276131836465951,4.531577510555883,6.989616188258919,9.203796509936511,14.643710259089946,SG,SG,4.531577510555883
Nae'Qwan Tomlin,11.741828087369061,7.471306849418599,6.531785808979231,5.677873856942375,8.65792078911794,PF,PF,5.677873856942375
Jose Alvarado,4.793192409875338,6.1504458417420595,9.564368475342853,11.6752032427233,17.29815773091279,PG,PG,4.793192409875338
Sam Hauser,10.942924841092731,6.850624772840405,6.169961131832981,7.751792633988623,13.021637790323803,SF,SF,6.169961131832981
Jamison Battle,12.840094102938645,8.488036510251858,6.3222324892226345,6.908318546481347,11.182609042669714,SF,SF,6.3222324892226345
Pat Connaughton,10.676398583981415,6.324340991294632,5.659706057195879,6.811575018247318,11.809307549397435,SF,SF,5.659706057195879
Guerschon Yabusele,13.248577811252694,8.970978438135363,6.764943936565306,6.436239652785819,9.00125257698538,C,PF,6.436239652785819
Kelly Olynyk,11.705018028208126,10.108241255596852,8.46984215294401,6.353542336260441,7.808662704516326,C,PF,6.353542336260441
Jaylin Williams,13.40946322616347,10.323397844397318,9.863679978024058,8.333176612708446,9.10604063792174,C,PF,8.333176612708446
Ja'Kobe Walter,9.204269007074258,6.3961001134185365,8.673561787430689,10.698582344860858,16.168271733741797,SG,SG,6.3961001134185365
Kobe Brown,11.64156382689489,7.599966278816337,5.789904271514431,5.682079911974797,8.280235859749288,PF,PF,5.682079911974797
Kobe Sanders,8.370322250013812,5.3130554726455035,5.680772783339488,6.873115767564497,11.897949698857607,SG,SG,5.3130554726455035
Vince Williams Jr.,6.06710945254243,6.807711171281702,7.900718197673129,9.389807868461105,14.944052348158692,SG,PG,6.06710945254243
Trayce Jackson-Davis,22.65943259680528,18.067473406868636,15.094161369885237,12.404024998327241,10.315062482044329,C,C,10.315062482044329
Carter Bryant,11.412220725789227,7.134621352671895,5.272153743190293,5.144474782367994,9.39868415312787,PF,PF,5.144474782367994
Duop Reath,14.429217150438681,9.787687968874673,8.602740973385318,7.625750060865371,10.215960360590136,C,PF,7.625750060865371
Matisse Thybulle,13.245894562109864,9.626642490904743,11.729756530097989,12.972044068003202,16.95949771544719,SG,SG,9.626642490904743
Jabari Walker,13.450159992768373,8.858200802831725,6.0373179917918005,5.518491185813958,7.655848515357978,PF,PF,5.518491185813958
Ben Saraf,6.479315359926612,7.142356160373772,9.93391923228522,11.570937645528176,16.6177526845784,SG,PG,6.479315359926612
Cody Williams,8.982343917074779,5.496126725287946,5.087587988022135,5.377537962627077,10.370690625407406,SG,SF,5.087587988022135
Tony Bradley,17.888735651731253,13.2967764617946,10.608195910986657,9.40892108746227,8.49391181612322,C,C,8.49391181612322
Liam McNeeley,12.213268882858975,8.12600111536414,7.542464038701558,8.690479463043902,13.081583633202909,SF,SF,7.542464038701558
RayJ Dennis,6.899968230270086,9.450552402684126,12.070846381688426,13.788030268847672,18.91168242887208,PG,PG,6.899968230270086
John Tonje,13.8046049407005,10.634267176054065,11.641566107493574,12.548806366591757,18.524205512602347,SG,SG,10.634267176054065
Dyson Daniels,9.389945222926903,8.608196406689007,7.86309375339266,8.206237179623404,11.543616410227342,PG,SF,7.86309375339266
Jamir Watkins,10.85130292720981,6.505818237022755,5.086292760230182,5.240508108204308,10.52917886265258,SG,SF,5.086292760230182
AJ Green,9.817650475196736,7.275078703413524,9.968006806171218,11.718596151788123,16.757693220995876,SG,SG,7.275078703413524
Olivier Sarr,23.0911563771982,19.677611800151556,17.644928166005514,15.739281251464337,14.296759889559565,C,C,14.296759889559565
Grant Williams,12.845067578980542,8.31224916291151,6.348282621020009,5.370472452163022,9.42903292134287,PF,PF,5.370472452163022
Pacôme Dadiet,12.206594826104284,8.193466825335458,8.123718472333893,8.3992072661523,12.429210713492102,SG,SF,8.123718472333893
Rasheer Fleming,13.84289266340701,9.659093059209084,7.991459115299361,6.279813365765094,8.793413657246745,PF,PF,6.279813365765094
KJ Simpson,6.27220530186793,9.289519471412769,11.989852508971376,13.970539275412216,19.419420489669506,PG,PG,6.27220530186793
AJ Johnson,8.476231904375517,7.423695631723147,10.586575790650393,12.339287472316414,16.955510191693456,SG,SG,7.423695631723147
Ryan Kalkbrenner,24.9731606271733,20.446023433615828,17.48862641227687,14.439753362975994,10.80965092626366,C,C,10.80965092626366
Mouhamadou Gueye,9.980276407985519,8.243673105424795,7.913027260861851,7.61005002494764,10.552497460177337,PF,PF,7.61005002494764
Taj Gibson,17.19310096399644,12.71080173078934,10.63799185197854,9.129568839804191,10.654725246013076,C,PF,9.129568839804191
Alijah Martin,10.027315823818615,7.822134991398541,8.968310114659685,9.518552235424497,14.197351863238723,SG,SG,7.822134991398541
Enrique Freeman,18.32590184637474,14.152129962561123,11.826235771129307,10.5070811332649,11.284570612665684,PF,PF,10.5070811332649
Rudy Gobert,26.03317318909792,21.506035995540447,18.54863897420149,15.331827655860076,9.774970022311116,C,C,9.774970022311116
Taelon Peter,6.8225342580755965,5.653431969586813,8.207495608571403,10.0278578023735,15.45822093442936,SG,SG,5.653431969586813
Kasparas Jakučionis,7.6456195114626,5.2959129657308015,7.728673121108639,9.78952409899727,15.11093571243305,PG,SG,5.2959129657308015
Keaton Wallace,5.0441789662887535,6.239455764535461,9.350879627806668,11.274787891177201,16.8801601042379,PG,PG,5.0441789662887535
Skal Labissiere,20.055341704261433,16.06114472126602,13.012467138166436,10.307536631980772,10.379474151686123,PF,PF,10.307536631980772
Dru Smith,8.702695275934198,8.065541139902567,10.282196938325546,11.187536968621547,16.818008541617235,SG,SG,8.065541139902567
Royce O'Neale,9.41066323586876,5.1822641113264805,5.067453472692106,5.598622649278598,11.229094222274282,SF,SF,5.067453472692106
Malachi Smith,8.778674016376627,5.9186980743805115,8.084318015496308,9.51875982273392,14.949974303798022,SG,SG,5.9186980743805115
Pete Nance,15.30623241699063,10.714273227053983,8.30825538964014,7.283861833484063,11.128164788678742,PF,PF,7.283861833484063
Isaac Okoro,10.717683448059626,6.6427964914969655,6.77841247343764,7.5929535541805775,12.632050623388333,SF,SG,6.6427964914969655
Adama Bal,9.724946936022384,6.9616498716393505,8.187709352048255,10.199498861457993,15.710588670995284,SG,SG,6.9616498716393505
Nique Clifford,6.538259790544382,3.9050889469358245,5.599911710540727,7.644959372447036,13.02995936743426,SG,SG,3.9050889469358245
Patrick Williams,9.694277078197606,5.449045625456946,4.8147298174262545,5.42987642445008,10.626284570839603,PF,SF,4.8147298174262545
Ethan Thompson,7.327200181502506,4.432203089008888,7.127849828082782,8.905305717674953,14.234587576151895,SG,SG,4.432203089008888
Alex Caruso,8.30208716132401,5.3588839062759535,7.541969488903872,9.094125340392843,14.724596913388527,SG,SG,5.3588839062759535
Alex Morales,14.494522709451843,14.662112220686533,15.912986553499767,17.18052527641017,21.291038238657556,PG,PG,14.494522709451843
Ryan Nembhard,7.057602389417811,9.737679194601267,13.097989676792253,15.04011041765129,20.163762577675694,PG,PG,7.057602389417811
Tyler Smith,12.719141454483726,8.657525250170615,6.565710597448469,5.632799545894269,10.001175763014393,PF,PF,5.632799545894269
Khaman Maluach,22.70755960607795,19.0294578624009,16.166167980564172,12.929907410841656,7.054977310924787,C,C,7.054977310924787
Anthony Gill,13.180565194687691,8.588606004751046,6.503790265195445,5.650984042927821,9.532165784636495,PF,PF,5.650984042927821
Jeremy Sochan,12.411823914609407,7.884686721051933,5.37175994838147,3.674513531818578,7.107490475891821,PF,PF,3.674513531818578
Lindy Waters III,10.38270005342107,6.840327634619017,8.04605274289705,9.651905470377395,14.763528768626351,SG,SG,6.840327634619017
Curtis Jones,7.9029841428195295,6.37783561782549,9.395152341594471,11.340642587659936,17.043640389696822,SG,SG,6.37783561782549
Ben Sheppard,8.63288168014973,5.1327273521624885,6.6561866925911115,8.471982344979864,13.67186159830237,SG,SG,5.1327273521624885
Julian Phillips,11.00199216210742,7.056237211841894,7.9651820923863434,9.399449511078583,14.86913889995952,SF,SG,7.056237211841894
Andre Drummond,21.39640379073726,16.836812521177283,13.957607623696108,11.326867263027713,7.86325653984584,C,C,7.86325653984584
Marcus Smart,7.962276638146503,5.7328498512047,8.094430161089976,9.743431579736399,15.06484319317218,PG,SG,5.7328498512047
Omer Yurtseven,19.081425311495444,16.8201286294766,14.822421116256688,12.726532697201506,10.83322056354212,C,C,10.83322056354212
Davion Mitchell,8.352783759242628,8.689494639799886,11.002427776785508,12.270550983191633,17.189918383839274,PG,PG,8.352783759242628
Jake LaRavia,11.458485668303178,7.113000978116124,5.664747188209255,5.749802455606922,10.582995690257158,PF,SF,5.664747188209255
Elijah Harkless,7.4128313407472595,6.928717952375534,10.411081802221455,11.974633719640057,17.097675851988377,SG,SG,6.928717952375534
Lucas Williamson,10.054220444812987,6.584313362585114,7.87238298087509,9.448009957581856,15.42195206684803,SG,SG,6.584313362585114
Cam Christie,8.758975707803106,5.63126389060147,6.895868881371335,8.11978328020482,13.055110167004575,SG,SG,5.63126389060147
Bronny James,6.819279033948355,7.07618010628482,9.9881773916294,12.056822273136488,17.23038789753999,SG,PG,6.819279033948355
Bruce Brown,8.112748305326363,4.232557752634412,5.645792293356263,7.377188992741914,13.0076605657376,SF,SG,4.232557752634412
Nikola Topić,12.424765583210378,12.989226773514627,14.285456969145903,15.93493402070317,20.94692591183358,PG,PG,12.424765583210378
Keon Ellis,10.987974811231453,8.272525013294395,10.23228463528757,11.496154155887718,16.34042582776506,SG,SG,8.272525013294395
Dominick Barlow,14.81724643042509,10.290109236867618,7.4945790733984365,5.5315622650395415,7.396216068183913,PF,PF,5.5315622650395415
Ochai Agbaji,10.6932753013364,6.304167653990379,6.334034458342816,7.545785973370743,12.209525692311725,SG,SG,6.304167653990379
Kevin McCullar Jr.,9.954378802900605,8.715852503766161,9.223342863535075,10.557332908027844,14.933864999758653,SF,SG,8.715852503766161
Cason Wallace,8.30610952670093,5.594066292100702,8.921570066663953,11.011796930865973,16.64226850386166,SG,SG,5.594066292100702
Jalen Pickett,7.452137667058091,6.218584608176624,8.883957487235477,10.699753139624232,15.899632392946737,SG,SG,6.218584608176624
Patrick Baldwin Jr.,16.226585612248947,11.981354159508289,10.220227817261977,9.176517338069608,8.912974803034695,SF,C,8.912974803034695
Miles Kelly,8.830455434445813,6.024059811134183,7.843001411219334,8.819652543468136,14.635330442531023,PG,SG,6.024059811134183
Moussa Cisse,25.739597313933217,21.653161805504286,18.789871923667558,16.463233595602222,12.411581928280436,C,C,12.411581928280436
Will Richard,10.123769359385154,7.0848338208654775,8.34713326299227,10.026232755437709,15.49592214431865,SG,SG,7.0848338208654775
Dalen Terry,10.416697500854438,6.683742086880419,6.588835934424045,7.773175143659484,12.94774690821689,SG,SF,6.588835934424045
Jae'Sean Tate,11.856140313140532,8.033590671269696,7.739897028433909,7.062418930261512,9.996200021242911,PF,PF,7.062418930261512
Thanasis Antetokounmpo,17.52352684307807,14.442995834830548,12.588094074198725,12.052696910765683,13.710217741241031,SF,PF,12.052696910765683
Yang Hansen,19.352174505013284,16.948600972191795,15.094656585446966,12.530260818863532,12.472231884071338,C,C,12.472231884071338
Jordan McLaughlin,8.698306542134228,8.79391931487203,12.427475820467084,14.496120701974174,19.817532315409956,PG,PG,8.698306542134228
JD Davison,9.03227231054639,9.030741013454325,10.5938919733093,10.482393499381974,14.718943503618835,SG,SG,9.030741013454325
Adou Thiero,12.191569972053971,8.630298735368166,6.287058151491116,6.723674756829215,10.643523219033579,SF,SF,6.287058151491116
Killian Hayes,7.26152631793649,8.749959605625287,11.742832744428938,13.59128552825561,18.825894756670532,PG,PG,7.26152631793649
Herbert Jones,8.967298138592831,5.089098615494592,6.331332818976018,8.100939921999428,13.750725211538821,PF,SG,5.089098615494592
Kyle Anderson,12.442777467763314,9.666631775624971,7.539841001976704,6.509013798879285,10.215503252099179,PF,PF,6.509013798879285
Luguentz Dort,9.63438564857938,5.7344117633923,7.008396138891966,8.339342021648203,13.782098349095321,SG,SG,5.7344117633923
Luke Kornet,23.867251725911956,19.290544540727122,17.053415980216037,14.046547586783033,9.9292344351367,C,C,9.9292344351367
Jaylen Clark,11.190023564185603,7.171058137358428,8.209115191764612,9.447210624637854,14.725347871348573,SG,SG,7.171058137358428
Rayan Rupert,9.408033679048513,5.599608331679943,5.4120769415113195,7.19648406117545,12.56128037287242,SG,SF,5.4120769415113195
Drake Powell,9.321213855628004,6.273476391441236,8.738808377938037,9.962722776771518,14.821489842156863,SG,SG,6.273476391441236
Bobi Klintman,15.340581089808937,13.886437450982406,12.198915628300607,11.35547543409305,14.197546861568947,SF,PF,11.35547543409305
Jalen Slawson,12.334830133253103,9.246464749805504,8.342375836150362,8.90255914141631,11.660887880513908,SF,SF,8.342375836150362
Josh Oduro,23.331828547920406,19.044592951612792,16.465565446122593,14.00990516461121,13.535445946998406,PF,C,13.535445946998406
Chaz Lanier,11.022916195345003,8.188249269066283,10.517296852286456,11.994835507577015,17.415034429076112,SG,SG,8.188249269066283
Draymond Green,9.683390345259664,9.989671029548644,9.63269570951672,8.992148812459114,12.792665737311424,PF,PF,8.992148812459114
Clint Capela,22.850118813283853,18.270690065953303,15.570624052373974,13.154918892629247,9.390961150628653,C,C,9.390961150628653
Stanley Umude,22.70091638090656,20.97621397561415,21.882732800896658,22.920194255027557,27.59830842702459,SG,SG,20.97621397561415
Isaiah Crawford,12.669190633723634,8.376557153783056,7.742915699590436,7.291304074167152,10.922672811718334,SF,PF,7.291304074167152
Amir Coffey,12.39582559807056,8.109282404347441,7.7188420157582875,9.082640371822075,13.910443868365563,SG,SF,7.7188420157582875
Zeke Nnaji,15.82379543765624,11.247088252471402,8.811823873456293,6.187974930664966,6.645485074748108,PF,PF,6.187974930664966
Moussa Diabaté,20.124065208349943,15.532106018413295,12.993559731240493,11.368184487319368,9.009689500377343,C,C,9.009689500377343
Jordan Walsh,13.343955034458164,8.893678602735719,8.177075514176055,7.872536193874713,11.759362109854578,PF,PF,7.872536193874713
Ryan Dunn,12.910332658179183,8.500025971612954,5.869794757048822,5.917781546581172,10.558101709903035,SF,SF,5.869794757048822
Malevy Leons,13.22547800334007,9.026179361009634,8.369363608416181,7.680178176457034,9.417147044275348,SF,PF,7.680178176457034
Noah Penda,11.578311084186968,7.8187658351834575,6.017312763681415,5.879585463542883,8.887672327588822,SF,PF,5.879585463542883
Baylor Scheierman,11.807381563562018,7.405753979247867,7.302847928724662,8.456300497468979,13.657373562595085,SG,SF,7.302847928724662
Terance Mann,9.409551404259522,5.9917214274957455,6.080000446594485,7.887691813665422,13.087571066987925,SF,SG,5.9917214274957455
CJ Huntley,21.407672202357947,17.316192645534322,15.555630380349745,14.163540796837573,15.724423459423017,SF,PF,14.163540796837573
Yuki Kawamura,11.692247481724769,13.910895704324506,16.678552677157494,18.277011528741195,23.325546251309135,PG,PG,11.692247481724769
Jamal Shead,7.140343931789897,8.733669776837312,12.383141298076811,14.315932743565133,19.364467466133075,PG,PG,7.140343931789897
Oso Ighodaro,19.2382575418334,15.436739976265692,13.4199713577641,10.52121557531287,9.964062610070032,PF,C,9.964062610070032
Colby Jones,26.911342041439923,26.517503125153247,27.166044488076995,28.198464757428795,31.46986913039696,SG,SG,26.517503125153247
Vladislav Goldin,31.543923888277224,29.69470375559576,27.926821756013943,24.898371379886,19.025722345464338,C,C,19.025722345464338
Larry Nance Jr.,13.075045473202039,8.90984294971356,7.568668252123075,7.299541320335986,10.9486175006806,PF,PF,7.299541320335986
Yves Missi,23.97063526918496,19.443498075627485,16.486101054288532,13.269289735947119,10.118574775763095,C,C,10.118574775763095
Mouhamed Gueye,15.629288882484621,11.283804192297568,9.12373851427173,7.8371980695979095,9.67382857524267,PF,PF,7.8371980695979095
Mitchell Robinson,29.234948188244495,24.889463498057435,22.20531250012255,19.262932393594404,14.660806807642127,C,C,14.660806807642127
Micah Peavy,11.042159080730228,7.366020195203377,6.748643060441488,8.11806722893513,13.134199310870821,SG,SF,6.748643060441488
Jahmai Mashack,8.688038954003982,6.992524724512569,9.486604919147624,10.596794177923563,15.032536194403846,SG,SG,6.992524724512569
Lawson Lovering,22.932978146342503,18.58749345615545,15.903342458220562,13.435069330711272,11.54231380158931,C,C,11.54231380158931
Hunter Tyson,14.695304966854357,11.154856308754226,11.002876977846913,11.07502644475498,14.436068589059634,PF,SF,11.002876977846913
Hunter Dickinson,18.6414608321172,16.036405600243896,15.015597855517695,13.585398492038687,13.298373811085083,C,C,13.298373811085083
Orlando Robinson,20.679340236579545,17.47772343152294,16.54776741402905,15.555556374758787,17.17783459099099,C,PF,15.555556374758787
Jeremiah Robinson-Earl,17.59709456354456,13.574648792428903,12.004966782030603,10.075396963806913,9.792040426591683,C,C,9.792040426591683
Johnny Furphy,13.40995030789266,9.17489305511289,7.752190519683766,7.662119539534922,11.213751412589707,SG,PF,7.662119539534922
Adem Bona,20.458995148023615,15.86703595808697,12.893723921103568,10.212193032932673,8.464938662493255,C,C,8.464938662493255
Monte Morris,10.101399084464196,9.8152854129178,12.196901613078403,13.329122816741618,18.094098858457958,PG,SG,9.8152854129178
Andre Jackson Jr.,9.983324067430226,8.169149389637795,8.590396148479469,9.397711246188816,13.747264385939175,SG,SG,8.169149389637795
Toby Okani,16.491429837365835,12.47440850011166,11.811156412498315,12.270499731370565,17.60539123648702,SG,SF,11.811156412498315
Josh Green,12.299568894466933,8.23907778466366,9.023264312644365,10.877726744839084,16.34741613372002,SG,SG,8.23907778466366
Hunter Sallis,19.90499098943095,20.86920704726555,22.857717534160322,22.838014756952997,24.127009053626207,SG,PG,19.90499098943095
Luke Travers,17.660235056036832,13.57954019104173,13.307238221151922,13.39624821641804,16.24534869496841,SG,SF,13.307238221151922
Joe Ingles,14.335699977711126,14.752018458106521,14.409119141519694,15.056932253190302,18.839372814644783,SF,PG,14.335699977711126
Kris Dunn,8.438566851084609,6.920376059420177,9.688797852204283,11.379127797811748,16.90470629362347,PG,SG,6.920376059420177
Sidy Cissoko,11.189810011900542,7.205156595023038,6.409332080457866,7.372178281594505,12.67301174850753,SF,SF,6.409332080457866
Hugo González,13.783582497897301,9.337003742987546,8.402222872490025,8.482059645056713,13.010793331609795,SF,SF,8.402222872490025
DeAndre Jordan,26.86505331750056,22.33791612394309,19.38051910260414,16.163707784262726,10.606850150713765,C,C,10.606850150713765
Caleb Martin,10.533732200209364,6.123425513643133,6.731924120823301,8.451919265275352,13.97702757283074,SF,SG,6.123425513643133
Trevon Scott,13.468138812067767,9.43701393870003,7.683341958161191,6.730490573175496,11.744280153618156,SF,PF,6.730490573175496
Kam Jones,8.054841491764625,8.427229204007638,11.281322059519217,12.404890982168995,17.027559008234192,SG,PG,8.054841491764625
Gabe Vincent,10.889301675682752,8.669265565636628,11.46464851471478,13.280444167103534,18.590412309036772,PG,SG,8.669265565636628
Dylan Cardwell,24.891103915288106,20.299144725351457,17.32583268836806,14.635696316810064,10.433002370673819,C,C,10.433002370673819
Josh Okogie,12.14364735154294,8.587408374913204,9.21670157861432,10.507067299030169,15.785204545740891,SG,SG,8.587408374913204
Dereck Lively II,24.02390064486081,21.791956623445074,20.024074623863257,16.995624247735318,12.905183412147789,C,C,12.905183412147789
Dean Wade,14.633177325424175,10.041218135487528,7.8396661927902915,6.882489483836201,11.869078134812774,PF,PF,6.882489483836201
Lachlan Olbrich,18.53469382964672,14.780588880865025,12.396467099457134,10.151475910858444,10.614216657163041,C,PF,10.151475910858444
Jonathan Isaac,19.141038696920457,14.813081795797073,12.616143650630242,10.05511738925324,9.870346106701378,PF,C,9.870346106701378
Steven Adams,24.130242678477792,19.603105484920317,16.64570846358136,13.42889714523995,10.730340492368699,C,C,10.730340492368699
Jarred Vanderbilt,14.572341286998036,10.259224517187656,7.76218272349709,6.995033129324338,10.123463681671126,PF,PF,6.995033129324338
Jericho Sims,23.305676381869063,19.219240873440135,16.618669281803463,14.141427017597145,11.30620618200338,PF,C,11.30620618200338
Isaac Jones,19.239678815133956,14.95855411330568,13.586899867685693,11.9652719435482,14.655497662208639,PF,PF,11.9652719435482
Craig Porter Jr.,10.379415594878484,10.976515669761163,12.04478113599853,12.617620143661272,16.15640222659694,PG,PG,10.379415594878484
Spencer Jones,15.21265634295698,10.816453192504316,8.661606395826535,8.751773317725835,13.573564760086908,SF,SF,8.661606395826535
Kris Murray,13.282769283526964,8.963918572059573,7.098232814430307,6.778212625955743,11.58577794516975,SF,PF,6.778212625955743
Bez Mbeng,11.408869279267218,9.503133941684428,11.77958073181441,12.817042185945315,17.370125456106777,SG,SG,9.503133941684428
Mike Conley,10.07822406886361,10.347485214595656,13.498037331635711,15.580470292219271,21.210941865214956,PG,PG,10.07822406886361
Javonte Cooke,14.7342938583921,14.15905392863421,15.04315881786246,16.407958627697315,20.739798352503445,SG,SG,14.15905392863421
Jonathan Mogbo,18.694435677066362,14.79723713931509,12.780468520813493,10.09962579680283,9.554563583942683,PF,C,9.554563583942683
Leaky Black,11.92022690872127,7.774710047346991,7.918606271991721,9.255651015964052,14.725340404844992,SF,SG,7.774710047346991
Hayden Gray,19.199460867447982,16.515781690503015,18.632288463692415,18.988129192357995,20.95935256645207,SG,SG,16.515781690503015
Xavier Tillman,18.451614270023605,14.106129579836548,11.84253926041542,10.040950958867832,10.903195043817782,PF,PF,10.040950958867832
Sion James,11.880269364529834,7.857224950019071,8.529987529008755,9.900407038567797,15.100286291890303,SG,SG,7.857224950019071
TyTy Washington Jr.,14.72756559951564,15.075774377174849,17.227508732327017,18.072502547829338,22.697311964375523,PG,PG,14.72756559951564
Ariel Hukporti,21.723652246362754,18.200147393434282,15.858990153921402,12.765333471021611,6.743396452805943,C,C,6.743396452805943
Colin Castleton,21.146357066580784,19.164337634379574,17.962008786887573,16.285288197782215,14.56536060240216,C,C,14.56536060240216
Isaiah Stevens,18.492821110587652,19.385752793464974,22.118922280830308,23.6824741982489,28.805516330597225,PG,PG,18.492821110587652
Garrett Temple,12.331469262634286,11.791774385924219,14.10963307924696,14.745715359004045,18.830920832486342,SG,SG,11.791774385924219
Dwight Powell,19.79840247253711,15.283795721585731,12.599644723650846,9.856490422135941,8.577111333961241,C,C,8.577111333961241
Keshon Gilbert,14.332156309012067,15.132583214814403,18.403685220205144,19.184504118098786,21.961020663819433,SG,PG,14.332156309012067
Dillon Jones,19.068448617735793,15.330920789481354,15.831117532861636,16.1806913449232,20.667237323040823,SF,SG,15.330920789481354
Mo Bamba,31.791040028064714,27.263902834507245,24.337371070016978,21.50191359682671,18.50425814371884,C,C,18.50425814371884
Nicolas Batum,14.03241185860921,10.004811811445954,8.945778654589772,9.880644152557085,15.141041993542954,PF,SF,8.945778654589772
Chris Boucher,18.372376249651378,14.773670686285868,14.84998848991035,14.370211825029813,16.73229060017589,SF,PF,14.370211825029813
John Konchar,15.234009952964524,11.087471674451843,10.671749411903244,9.98671944517486,14.036859367467097,SG,PF,9.98671944517486
James Wiseman,22.089704612949266,19.617097294419803,17.572272652888703,15.68000428174941,14.474950709328672,C,C,14.474950709328672
Lonzo Ball,9.930187108698423,11.287011130821949,13.082801541011243,13.882898080725768,18.167701743772273,PG,PG,9.930187108698423
Chris Paul,10.324234546201627,13.202447885605466,16.31387174887667,18.237780012247203,23.180951469374847,PG,PG,10.324234546201627
Amari Williams,22.872454571944772,20.20409121393133,17.340801332094603,14.14680761931889,10.981896776362827,PF,C,10.981896776362827
Christian Koloko,18.998559119579387,14.729056531705762,12.532118386538933,10.385210204828407,10.757891987988458,C,PF,10.385210204828407
Tyus Jones,10.011602420949561,10.32324829030295,13.878612672040223,15.442164589458821,21.05947245558441,PG,PG,10.011602420949561
Dorian Finney-Smith,14.493094126300246,10.666404394668566,9.915187624575893,10.314225719467325,15.033687537392414,PF,SF,9.915187624575893
Brooks Barnhizer,14.617636477296335,10.404859100558179,9.420750712630777,8.438234892138846,12.425838747251435,SG,PF,8.438234892138846
Dalano Banton,18.5995323190693,19.078366514178924,20.35446470538497,20.241017929640662,22.990601413927493,PG,PG,18.5995323190693
N'Faly Dante,29.644546682967526,26.85695574747865,25.654626899986656,23.9779063108813,22.784299249926228,C,C,22.784299249926228
Gary Harris,12.378666726555453,8.768482974704373,10.694401083129886,12.719421640560057,18.230511450097346,SG,SG,8.768482974704373
Max Shulga,15.046319113938376,13.449289403368095,14.693814144937036,15.306228342197826,18.06452464788744,SG,SG,13.449289403368095
Kevon Looney,19.70068331171607,15.84792817944436,13.951019250804523,11.655003906628046,11.146543000934406,C,C,11.146543000934406
Isaiah Livers,14.69911039340465,10.486333016666494,9.067040561631392,8.629390703624738,13.718906702076351,SF,PF,8.629390703624738
Maxi Kleber,17.776771611087405,13.262164860136027,11.485798672605215,9.521909188100798,11.377365664820475,PF,PF,9.521909188100798
Johni Broome,23.407869799656922,20.379062151574395,18.30639693890695,16.208961653590634,15.343929468358505,C,C,15.343929468358505
Mason Plumlee,25.018112250625155,22.955735555104837,21.317336452452,19.179731706830804,15.52974248155748,C,C,15.52974248155748
Nigel Hayes-Davis,17.28662807148897,13.414733146478138,12.227030219626872,11.920522721220461,15.103390038793984,SF,PF,11.920522721220461
Wendell Moore Jr.,18.861309940815886,14.779928112696465,15.230913903990347,15.312323420842661,18.081257255519755,SG,SG,14.779928112696465
Bismack Biyombo,20.14263458744024,16.056199079011314,14.022921686944203,12.461830861721563,13.541142713210514,C,PF,12.461830861721563
Trey Jemison III,25.190690460376633,22.47275711073583,20.293466729092724,17.796946823065515,15.987913609838646,C,C,15.987913609838646
Andersson Garcia,17.959051594369164,13.878356729374062,12.210325100667964,11.400590378243553,14.34241418683934,SF,PF,11.400590378243553
Chris Mañon,21.754399028191305,18.094160340340938,18.317189272423054,18.45724706936719,20.725526075593866,SG,SG,18.094160340340938
Kyle Lowry,16.454508410517626,14.401156384669319,17.121127750093866,18.39808557189364,23.09053538456878,PG,SG,14.401156384669319
Cody Martin,21.69053770671639,19.624685130314266,19.829650949901584,19.803390146014234,21.081777981968614,SF,SG,19.624685130314266
Dario Saric,20.655692130884475,16.8514750647308,16.26461119264278,16.266684375393424,20.35882044160104,C,SF,16.26461119264278
Markelle Fultz,19.83394142649636,21.485555533968814,23.976776113901117,25.374009430488226,29.987640941450007,PG,PG,19.83394142649636
Drew Peterson,21.392541442378377,17.55717260849462,17.05534146149265,17.776953108372613,22.633849791165886,PF,SF,17.05534146149265
Jahmyl Telfort,25.611982112442803,22.134431690019923,21.697948573688347,22.3520909547566,26.888484206487426,PF,SF,21.697948573688347
Chucky Hepburn,21.603662758442482,24.542216451951326,27.69972112386414,29.582127399206875,34.5235791728168,PG,PG,21.603662758442482
Darius Brown,30.29615540582569,29.10372982354053,30.502140852310358,31.469354814890316,34.57997700374373,SG,SG,29.10372982354053
Noa Essengue,34.36223933588367,32.27345247701144,33.29670614714216,34.5156536365833,39.87826007650622,PF,SG,32.27345247701144
Tosan Evbuomwan,33.0650988639699,29.092223084481606,27.00040843175946,26.58698038380621,28.860074058982928,SF,PF,26.58698038380621
