Player,Posicao_Real,Previsao_Modelo,Confianca_Modelo
Javonte Green,SF,SG,0.59
Jacob Toppin,SF,PF,0.8216
Javonte Cooke,SG,PG,0.4998
Karlo Matković,PF,C,0.7107
Chris Boucher,SF,PF,0.6391
Johnny Furphy,SG,SF,0.5324
TyTy Washington Jr.,PG,SG,0.8734
Duncan Robinson,SG,SF,0.4584
Dalano Banton,PG,SG,0.8621
Trevon Scott,SF,PF,0.635
Jamaree Bouyea,PG,SG,0.7348
Miles Bridges,PF,SF,0.5147
Svi Mykhailiuk,SF,SG,0.549
Jaylon Tyson,SG,SF,0.642
Olivier-Maxence Prosper,PF,SF,0.5373
Antonio Reeves,SG,SF,0.694
Devin Booker,SG,PG,0.4583
Jalen Wilson,PF,SF,0.4963
Bruce Brown,SF,SG,0.8175
CJ Huntley,SF,PF,0.8697
Blake Hinson,SF,PF,0.5308
Isaiah Jackson,C,PF,0.5342
Carter Bryant,PF,SF,0.4729
Kyle Kuzma,PF,SF,0.4853
Jaylen Wells,SG,SF,0.4951
Josh Oduro,PF,C,0.5228
Kasparas Jakučionis,PG,SG,0.714
Cade Cunningham,SG,PG,0.5839
Andersson Garcia,SF,PF,0.3993
Emanuel Miller,PF,SG,0.531
Tristen Newton,SG,SF,0.8817
Sidy Cissoko,SF,SG,0.411
Dario Saric,C,PF,0.5945
Herbert Jones,PF,SG,0.5128
Anthony Black,PG,SG,0.4824
Jalen Johnson,PF,SF,0.6324
Danny Wolf,PF,C,0.7514
Chet Holmgren,PF,C,0.5554
Wendell Carter Jr.,PF,C,0.8759
Egor Dëmin,PG,SG,0.4278
Sean Pedulla,PG,SG,0.5652
Donovan Mitchell,SG,PG,0.7405
Spencer Jones,SF,PF,0.6185
Dorian Finney-Smith,PF,SF,0.3822
Jerami Grant,PF,SF,0.6083
Lauri Markkanen,SF,PF,0.5925
Colby Jones,SG,C,0.858
Ousmane Dieng,PF,SF,0.4865
Will Riley,SF,SG,0.5031
Brandon Clarke,PF,SF,0.6372
